insee_code,Commune,code_postal,adresse,prefixe_section,Section,No plan,id_parcelle,No voie,btq,Type de voie,Voie,surface_reelle_bati,n_sales,first_date,last_date,min_gap_days,years,first_price,last_price,ppm2_first,ppm2_last,pct_change,ann_pct,mutations
13210,MARSEILLE 10EME,13010,"28 RUE DE POLOGNE, 13010 MARSEILLE 10EME",856,C,38,132108560C0038,28.0,,RUE,DE POLOGNE,70.0,2,2021-06-25,2022-08-12,413,1.13,144000.0,240000.0,2057.0,3429.0,66.7,57.1,"[{""date_mutation"": ""2021-06-25"", ""nature_mutation"": ""Vente"", ""valeur_fonciere"": 144000.0, ""surface_reelle_bati"": 70.0, ""nombre_pieces_principales"": 3.0, ""surface_terrain"": 82.0, ""nb_lignes"": 1}, {""date_mutation"": ""2022-08-12"", ""nature_mutation"": ""Vente"", ""valeur_fonciere"": 240000.0, ""surface_reelle_bati"": 70.0, ""nombre_pieces_principales"": 3.0, ""surface_terrain"": 82.0, ""nb_lignes"": 1}]"
13207,MARSEILLE 7EME,13007,"21 IMP DU RIFF, 13007 MARSEILLE 7EME",830,H,30,132078300H0030,21.0,,IMP,DU RIFF,75.0,2,2021-01-15,2021-08-23,220,0.6,550000.0,720000.0,7333.0,9600.0,30.9,56.4,"[{""date_mutation"": ""2021-01-15"", ""nature_mutation"": ""Vente"", ""valeur_fonciere"": 550000.0, ""surface_reelle_bati"": 75.0, ""nombre_pieces_principales"": 2.0, ""surface_terrain"": 203.0, ""nb_lignes"": 1}, {""date_mutation"": ""2021-08-23"", ""nature_mutation"": ""Vente"", ""valeur_fonciere"": 720000.0, ""surface_reelle_bati"": 75.0, ""nombre_pieces_principales"": 2.0, ""surface_terrain"": 203.0, ""nb_lignes"": 1}]"
13207,MARSEILLE 7EME,13007,"19 RUE BERLE, 13007 MARSEILLE 7EME",829,L,42,132078290L0042,19.0,,RUE,BERLE,46.0,2,2021-01-29,2023-07-06,888,2.43,380000.0,1118710.0,8261.0,24320.0,194.4,55.9,"[{""date_mutation"": ""2021-01-29"", ""nature_mutation"": ""Vente"", ""valeur_fonciere"": 380000.0, ""surface_reelle_bati"": 46.0, ""nombre_pieces_principales"": 2.0, ""surface_terrain"": null, ""nb_lignes"": 1}, {""date_mutation"": ""2023-07-06"", ""nature_mutation"": ""Vente"", ""valeur_fonciere"": 1118710.0, ""surface_reelle_bati"": 46.0, ""nombre_pieces_principales"": 2.0, ""surface_terrain"": null, ""nb_lignes"": 1}]"
13206,MARSEILLE 6EME,13006,"43 RUE DE LA MARTINIQUE, 13006 MARSEILLE 6EME",828,H,238,132068280H0238,43.0,,RUE,DE LA MARTINIQUE,63.0,2,2024-04-04,2025-06-20,442,1.21,345000.0,588550.0,5476.0,9342.0,70.6,55.5,"[{""date_mutation"": ""2024-04-04"", ""nature_mutation"": ""Vente"", ""valeur_fonciere"": 345000.0, ""surface_reelle_bati"": 63.0, ""nombre_pieces_principales"": 2.0, ""surface_terrain"": null, ""nb_lignes"": 1}, {""date_mutation"": ""2025-06-20"", ""nature_mutation"": ""Vente"", ""valeur_fonciere"": 588550.0, ""surface_reelle_bati"": 63.0, ""nombre_pieces_principales"": 2.0, ""surface_terrain"": null, ""nb_lignes"": 1}]"
13212,MARSEILLE 12EME,13012,"18 AV DE KALLISTE, 13012 MARSEILLE 12EME",873,B,130,132128730B0130,18.0,,AV,DE KALLISTE,120.0,2,2023-10-09,2024-11-05,393,1.08,498000.0,800000.0,4150.0,6667.0,60.6,55.4,"[{""date_mutation"": ""2023-10-09"", ""nature_mutation"": ""Vente"", ""valeur_fonciere"": 498000.0, ""surface_reelle_bati"": 120.0, ""nombre_pieces_principales"": 5.0, ""surface_terrain"": 641.0, ""nb_lignes"": 1}, {""date_mutation"": ""2024-11-05"", ""nature_mutation"": ""Vente"", ""valeur_fonciere"": 800000.0, ""surface_reelle_bati"": 120.0, ""nombre_pieces_principales"": 5.0, ""surface_terrain"": 641.0, ""nb_lignes"": 1}]"
13212,MARSEILLE 12EME,13012,"19 MTE DU COLOMBIER, 13012 MARSEILLE 12EME",878,O,43,132128780O0043,19.0,,MTE,DU COLOMBIER,112.0,2,2022-09-09,2023-12-05,452,1.24,170000.0,290000.0,1518.0,2589.0,70.6,54.0,"[{""date_mutation"": ""2022-09-09"", ""nature_mutation"": ""Vente"", ""valeur_fonciere"": 170000.0, ""surface_reelle_bati"": 112.0, ""nombre_pieces_principales"": 2.0, ""surface_terrain"": 187.0, ""nb_lignes"": 2}, {""date_mutation"": ""2023-12-05"", ""nature_mutation"": ""Vente"", ""valeur_fonciere"": 290000.0, ""surface_reelle_bati"": 112.0, ""nombre_pieces_principales"": 2.0, ""surface_terrain"": 577.0, ""nb_lignes"": 2}]"
13206,MARSEILLE 6EME,13006,"66 RUE DE LA MARTINIQUE, 13006 MARSEILLE 6EME",828,K,208,132068280K0208,66.0,,RUE,DE LA MARTINIQUE,76.0,2,2022-10-04,2023-06-09,248,0.68,420000.0,560000.0,5526.0,7368.0,33.3,52.8,"[{""date_mutation"": ""2022-10-04"", ""nature_mutation"": ""Vente"", ""valeur_fonciere"": 420000.0, ""surface_reelle_bati"": 76.0, ""nombre_pieces_principales"": 5.0, ""surface_terrain"": 114.0, ""nb_lignes"": 1}, {""date_mutation"": ""2023-06-09"", ""nature_mutation"": ""Vente"", ""valeur_fonciere"": 560000.0, ""surface_reelle_bati"": 76.0, ""nombre_pieces_principales"": 5.0, ""surface_terrain"": 114.0, ""nb_lignes"": 1}]"
13215,MARSEILLE 15EME,13015,"17 BD AUGUSTIN, 13015 MARSEILLE 15EME",903,A,258,132159030A0258,17.0,,BD,AUGUSTIN,126.0,2,2020-09-28,2021-10-15,382,1.05,206000.0,320000.0,1635.0,2540.0,55.3,52.4,"[{""date_mutation"": ""2020-09-28"", ""nature_mutation"": ""Vente"", ""valeur_fonciere"": 206000.0, ""surface_reelle_bati"": 126.0, ""nombre_pieces_principales"": 4.0, ""surface_terrain"": 834.0, ""nb_lignes"": 1}, {""date_mutation"": ""2021-10-15"", ""nature_mutation"": ""Vente"", ""valeur_fonciere"": 320000.0, ""surface_reelle_bati"": 126.0, ""nombre_pieces_principales"": 4.0, ""surface_terrain"": 834.0, ""nb_lignes"": 1}]"
13211,MARSEILLE 11EME,13011,"24 B IMP DE LA MONTRE, 13011 MARSEILLE 11EME",867,E,56,132118670E0056,24.0,B,IMP,DE LA MONTRE,76.0,2,2022-10-10,2025-04-04,907,2.48,281000.0,770000.0,3697.0,10132.0,174.0,50.1,"[{""date_mutation"": ""2022-10-10"", ""nature_mutation"": ""Vente"", ""valeur_fonciere"": 281000.0, ""surface_reelle_bati"": 76.0, ""nombre_pieces_principales"": 3.0, ""surface_terrain"": 566.0, ""nb_lignes"": 1}, {""date_mutation"": ""2025-04-04"", ""nature_mutation"": ""Vente"", ""valeur_fonciere"": 770000.0, ""surface_reelle_bati"": 76.0, ""nombre_pieces_principales"": 3.0, ""surface_terrain"": 566.0, ""nb_lignes"": 1}]"
13211,MARSEILLE 11EME,13011,"5139 F CHE DE PLUVENCE, 13011 MARSEILLE 11EME",869,A,388,132118690A0388,5139.0,F,CHE,DE PLUVENCE,172.0,2,2022-12-22,2024-12-19,728,1.99,980000.0,2193614.0,5698.0,12754.0,123.8,49.8,"[{""date_mutation"": ""2022-12-22"", ""nature_mutation"": ""Vente"", ""valeur_fonciere"": 980000.0, ""surface_reelle_bati"": 172.0, ""nombre_pieces_principales"": 4.0, ""surface_terrain"": 10955.0, ""nb_lignes"": 4}, {""date_mutation"": ""2024-12-19"", ""nature_mutation"": ""Vente"", ""valeur_fonciere"": 2193614.0, ""surface_reelle_bati"": 172.0, ""nombre_pieces_principales"": 4.0, ""surface_terrain"": 10955.0, ""nb_lignes"": 4}]"
13214,MARSEILLE 14EME,13014,"7 IMP DES DEUX FRERES ROMANETTI, 13014 MARSEILLE 14EME",890,H,43,132148900H0043,7.0,,IMP,DES DEUX FRERES ROMANETTI,63.0,2,2021-09-01,2022-07-27,329,0.9,200000.0,285000.0,3175.0,4524.0,42.5,48.2,"[{""date_mutation"": ""2021-09-01"", ""nature_mutation"": ""Vente"", ""valeur_fonciere"": 200000.0, ""surface_reelle_bati"": 63.0, ""nombre_pieces_principales"": 4.0, ""surface_terrain"": 538.0, ""nb_lignes"": 1}, {""date_mutation"": ""2022-07-27"", ""nature_mutation"": ""Vente"", ""valeur_fonciere"": 285000.0, ""surface_reelle_bati"": 63.0, ""nombre_pieces_principales"": 4.0, ""surface_terrain"": 538.0, ""nb_lignes"": 1}]"
13204,MARSEILLE 4EME,13004,"10 RUE STE THERESE, 13004 MARSEILLE 4EME",817,H,80,132048170H0080,10.0,,RUE,STE THERESE,57.0,2,2024-03-15,2025-02-28,350,0.96,280000.0,405000.0,4912.0,7105.0,44.6,47.0,"[{""date_mutation"": ""2024-03-15"", ""nature_mutation"": ""Vente"", ""valeur_fonciere"": 280000.0, ""surface_reelle_bati"": 57.0, ""nombre_pieces_principales"": 3.0, ""surface_terrain"": 241.0, ""nb_lignes"": 1}, {""date_mutation"": ""2025-02-28"", ""nature_mutation"": ""Vente"", ""valeur_fonciere"": 405000.0, ""surface_reelle_bati"": 57.0, ""nombre_pieces_principales"": 3.0, ""surface_terrain"": 241.0, ""nb_lignes"": 1}]"
13211,MARSEILLE 11EME,13011,"72 RUE DES CROTTES, 13011 MARSEILLE 11EME",867,O,47,132118670O0047,72.0,,RUE,DES CROTTES,40.0,2,2022-03-04,2022-09-08,188,0.51,195000.0,237200.0,4875.0,5930.0,21.6,46.3,"[{""date_mutation"": ""2022-03-04"", ""nature_mutation"": ""Vente"", ""valeur_fonciere"": 195000.0, ""surface_reelle_bati"": 40.0, ""nombre_pieces_principales"": 3.0, ""surface_terrain"": 88.0, ""nb_lignes"": 1}, {""date_mutation"": ""2022-09-08"", ""nature_mutation"": ""Vente"", ""valeur_fonciere"": 237200.0, ""surface_reelle_bati"": 40.0, ""nombre_pieces_principales"": 3.0, ""surface_terrain"": 88.0, ""nb_lignes"": 1}]"
13204,MARSEILLE 4EME,13004,"2 PL PIERRE BROSSOLETTE, 13004 MARSEILLE 4EME",818,B,193,132048180B0193,2.0,,PL,PIERRE BROSSOLETTE,36.0,2,2020-12-23,2021-10-07,288,0.79,108000.0,145000.0,3000.0,4028.0,34.3,45.3,"[{""date_mutation"": ""2020-12-23"", ""nature_mutation"": ""Vente"", ""valeur_fonciere"": 108000.0, ""surface_reelle_bati"": 36.0, ""nombre_pieces_principales"": 2.0, ""surface_terrain"": 38.0, ""nb_lignes"": 1}, {""date_mutation"": ""2021-10-07"", ""nature_mutation"": ""Vente"", ""valeur_fonciere"": 145000.0, ""surface_reelle_bati"": 36.0, ""nombre_pieces_principales"": 2.0, ""surface_terrain"": 38.0, ""nb_lignes"": 1}]"
13212,MARSEILLE 12EME,13012,"19 BD DIE, 13012 MARSEILLE 12EME",874,E,64,132128740E0064,19.0,,BD,DIE,130.0,2,2021-05-20,2023-01-20,610,1.67,495000.0,923820.0,3808.0,7106.0,86.6,45.3,"[{""date_mutation"": ""2021-05-20"", ""nature_mutation"": ""Vente"", ""valeur_fonciere"": 495000.0, ""surface_reelle_bati"": 130.0, ""nombre_pieces_principales"": 5.0, ""surface_terrain"": 535.0, ""nb_lignes"": 1}, {""date_mutation"": ""2023-01-20"", ""nature_mutation"": ""Vente"", ""valeur_fonciere"": 923820.0, ""surface_reelle_bati"": 130.0, ""nombre_pieces_principales"": 5.0, ""surface_terrain"": 535.0, ""nb_lignes"": 1}]"
13211,MARSEILLE 11EME,13011,"116 BD DES CIGALES, 13011 MARSEILLE 11EME",864,E,32,132118640E0032,116.0,,BD,DES CIGALES,45.0,2,2021-05-28,2023-12-06,922,2.52,190000.0,480000.0,4222.0,10667.0,152.6,44.4,"[{""date_mutation"": ""2021-05-28"", ""nature_mutation"": ""Vente"", ""valeur_fonciere"": 190000.0, ""surface_reelle_bati"": 45.0, ""nombre_pieces_principales"": 2.0, ""surface_terrain"": 486.0, ""nb_lignes"": 1}, {""date_mutation"": ""2023-12-06"", ""nature_mutation"": ""Vente"", ""valeur_fonciere"": 480000.0, ""surface_reelle_bati"": 45.0, ""nombre_pieces_principales"": 2.0, ""surface_terrain"": 486.0, ""nb_lignes"": 1}]"
13209,MARSEILLE 9EME,13009,"2 AV MIREILLE, 13009 MARSEILLE 9EME",851,D,104,132098510D0104,2.0,,AV,MIREILLE,83.0,2,2022-11-23,2025-03-11,839,2.3,324300.0,728650.0,3907.0,8779.0,124.7,42.3,"[{""date_mutation"": ""2022-11-23"", ""nature_mutation"": ""Vente"", ""valeur_fonciere"": 324300.0, ""surface_reelle_bati"": 83.0, ""nombre_pieces_principales"": 4.0, ""surface_terrain"": 584.0, ""nb_lignes"": 1}, {""date_mutation"": ""2025-03-11"", ""nature_mutation"": ""Vente"", ""valeur_fonciere"": 728650.0, ""surface_reelle_bati"": 83.0, ""nombre_pieces_principales"": 4.0, ""surface_terrain"": 584.0, ""nb_lignes"": 1}]"
13209,MARSEILLE 9EME,13009,"8 TRA DES OLIVIERS, 13009 MARSEILLE 9EME",849,R,88,132098490R0088,8.0,,TRA,DES OLIVIERS,71.0,2,2022-02-21,2023-03-30,402,1.1,407000.0,597000.0,5732.0,8408.0,46.7,41.6,"[{""date_mutation"": ""2022-02-21"", ""nature_mutation"": ""Vente"", ""valeur_fonciere"": 407000.0, ""surface_reelle_bati"": 71.0, ""nombre_pieces_principales"": 2.0, ""surface_terrain"": 202.0, ""nb_lignes"": 1}, {""date_mutation"": ""2023-03-30"", ""nature_mutation"": ""Vente"", ""valeur_fonciere"": 597000.0, ""surface_reelle_bati"": 71.0, ""nombre_pieces_principales"": 2.0, ""surface_terrain"": 202.0, ""nb_lignes"": 1}]"
13209,MARSEILLE 9EME,13009,"4 AV YVES BOURDE, 13009 MARSEILLE 9EME",853,U,112,132098530U0112,4.0,,AV,YVES BOURDE,56.0,2,2023-08-22,2025-05-06,623,1.71,307200.0,540000.0,5486.0,9643.0,75.8,39.2,"[{""date_mutation"": ""2023-08-22"", ""nature_mutation"": ""Vente"", ""valeur_fonciere"": 307200.0, ""surface_reelle_bati"": 56.0, ""nombre_pieces_principales"": 2.0, ""surface_terrain"": 211.0, ""nb_lignes"": 1}, {""date_mutation"": ""2025-05-06"", ""nature_mutation"": ""Vente"", ""valeur_fonciere"": 540000.0, ""surface_reelle_bati"": 56.0, ""nombre_pieces_principales"": 2.0, ""surface_terrain"": 211.0, ""nb_lignes"": 1}]"
13208,MARSEILLE 8EME,13008,"43 RUE DE LA TURBINE, 13008 MARSEILLE 8EME",839,K,78,132088390K0078,43.0,,RUE,DE LA TURBINE,90.0,2,2022-05-20,2022-12-29,223,0.61,695000.0,850000.0,7722.0,9444.0,22.3,39.1,"[{""date_mutation"": ""2022-05-20"", ""nature_mutation"": ""Vente"", ""valeur_fonciere"": 695000.0, ""surface_reelle_bati"": 90.0, ""nombre_pieces_principales"": 3.0, ""surface_terrain"": 249.0, ""nb_lignes"": 1}, {""date_mutation"": ""2022-12-29"", ""nature_mutation"": ""Vente"", ""valeur_fonciere"": 850000.0, ""surface_reelle_bati"": 90.0, ""nombre_pieces_principales"": 3.0, ""surface_terrain"": 249.0, ""nb_lignes"": 1}]"
13208,MARSEILLE 8EME,13008,"73 RUE DESIRE PELAPRAT, 13008 MARSEILLE 8EME",837,D,40,132088370D0040,73.0,,RUE,DESIRE PELAPRAT,48.0,2,2023-07-21,2024-11-26,494,1.35,350000.0,545000.0,7292.0,11354.0,55.7,38.7,"[{""date_mutation"": ""2023-07-21"", ""nature_mutation"": ""Vente"", ""valeur_fonciere"": 350000.0, ""surface_reelle_bati"": 48.0, ""nombre_pieces_principales"": 2.0, ""surface_terrain"": 69.0, ""nb_lignes"": 1}, {""date_mutation"": ""2024-11-26"", ""nature_mutation"": ""Vente"", ""valeur_fonciere"": 545000.0, ""surface_reelle_bati"": 48.0, ""nombre_pieces_principales"": 2.0, ""surface_terrain"": 69.0, ""nb_lignes"": 1}]"
13212,MARSEILLE 12EME,13012,"157 RUE CHARLES KADDOUZ, 13012 MARSEILLE 12EME",874,O,127,132128740O0127,157.0,,RUE,CHARLES KADDOUZ,60.0,2,2021-08-24,2024-04-12,962,2.63,167000.0,392500.0,2783.0,6542.0,135.0,38.3,"[{""date_mutation"": ""2021-08-24"", ""nature_mutation"": ""Vente"", ""valeur_fonciere"": 167000.0, ""surface_reelle_bati"": 60.0, ""nombre_pieces_principales"": 3.0, ""surface_terrain"": 339.0, ""nb_lignes"": 1}, {""date_mutation"": ""2024-04-12"", ""nature_mutation"": ""Vente"", ""valeur_fonciere"": 392500.0, ""surface_reelle_bati"": 60.0, ""nombre_pieces_principales"": 3.0, ""surface_terrain"": 339.0, ""nb_lignes"": 1}]"
13207,MARSEILLE 7EME,13007,"12 RUE SCUDERY, 13007 MARSEILLE 7EME",829,C,40,132078290C0040,12.0,,RUE,SCUDERY,60.0,2,2021-11-26,2024-04-09,865,2.37,340000.0,720000.0,5667.0,12000.0,111.8,37.3,"[{""date_mutation"": ""2021-11-26"", ""nature_mutation"": ""Vente"", ""valeur_fonciere"": 340000.0, ""surface_reelle_bati"": 60.0, ""nombre_pieces_principales"": 3.0, ""surface_terrain"": 157.0, ""nb_lignes"": 1}, {""date_mutation"": ""2024-04-09"", ""nature_mutation"": ""Vente"", ""valeur_fonciere"": 720000.0, ""surface_reelle_bati"": 60.0, ""nombre_pieces_principales"": 3.0, ""surface_terrain"": 157.0, ""nb_lignes"": 1}]"
13209,MARSEILLE 9EME,13009,"59 RUE ENJOUVIN, 13009 MARSEILLE 9EME",849,S,290,132098490S0290,59.0,,RUE,ENJOUVIN,64.0,2,2022-07-05,2024-01-16,560,1.53,500000.0,803600.0,7812.0,12556.0,60.7,36.3,"[{""date_mutation"": ""2022-07-05"", ""nature_mutation"": ""Vente"", ""valeur_fonciere"": 500000.0, ""surface_reelle_bati"": 64.0, ""nombre_pieces_principales"": 1.0, ""surface_terrain"": 362.0, ""nb_lignes"": 1}, {""date_mutation"": ""2024-01-16"", ""nature_mutation"": ""Vente"", ""valeur_fonciere"": 803600.0, ""surface_reelle_bati"": 64.0, ""nombre_pieces_principales"": 1.0, ""surface_terrain"": 362.0, ""nb_lignes"": 1}]"
13203,MARSEILLE 3EME,13003,"38 BD ALLEMAND, 13003 MARSEILLE 3EME",811,D,55,132038110D0055,38.0,,BD,ALLEMAND,45.0,2,2024-05-23,2025-01-08,230,0.63,140000.0,170000.0,3111.0,3778.0,21.4,36.1,"[{""date_mutation"": ""2024-05-23"", ""nature_mutation"": ""Vente"", ""valeur_fonciere"": 140000.0, ""surface_reelle_bati"": 45.0, ""nombre_pieces_principales"": 3.0, ""surface_terrain"": 133.0, ""nb_lignes"": 1}, {""date_mutation"": ""2025-01-08"", ""nature_mutation"": ""Vente"", ""valeur_fonciere"": 170000.0, ""surface_reelle_bati"": 45.0, ""nombre_pieces_principales"": 3.0, ""surface_terrain"": 133.0, ""nb_lignes"": 1}]"
13215,MARSEILLE 15EME,13015,"19 BD GUIZEL, 13015 MARSEILLE 15EME",907,C,15,132159070C0015,19.0,,BD,GUIZEL,60.0,2,2021-11-17,2022-10-13,330,0.9,240000.0,315950.0,4000.0,5266.0,31.6,35.6,"[{""date_mutation"": ""2021-11-17"", ""nature_mutation"": ""Vente"", ""valeur_fonciere"": 240000.0, ""surface_reelle_bati"": 60.0, ""nombre_pieces_principales"": 3.0, ""surface_terrain"": 397.0, ""nb_lignes"": 1}, {""date_mutation"": ""2022-10-13"", ""nature_mutation"": ""Vente"", ""valeur_fonciere"": 315950.0, ""surface_reelle_bati"": 60.0, ""nombre_pieces_principales"": 3.0, ""surface_terrain"": 397.0, ""nb_lignes"": 1}]"
13208,MARSEILLE 8EME,13008,"11 TRA JEAN ANDRE, 13008 MARSEILLE 8EME",845,K,8,132088450K0008,11.0,,TRA,JEAN ANDRE,55.0,2,2021-07-01,2024-08-27,1153,3.16,410000.0,1053200.0,7455.0,19149.0,156.9,34.8,"[{""date_mutation"": ""2021-07-01"", ""nature_mutation"": ""Vente"", ""valeur_fonciere"": 410000.0, ""surface_reelle_bati"": 55.0, ""nombre_pieces_principales"": 3.0, ""surface_terrain"": null, ""nb_lignes"": 1}, {""date_mutation"": ""2024-08-27"", ""nature_mutation"": ""Vente"", ""valeur_fonciere"": 1053200.0, ""surface_reelle_bati"": 55.0, ""nombre_pieces_principales"": 3.0, ""surface_terrain"": null, ""nb_lignes"": 1}]"
13210,MARSEILLE 10EME,13010,"145 CHE DES PRUD HOMMES, 13010 MARSEILLE 10EME",858,H,175,132108580H0175,145.0,,CHE,DES PRUD HOMMES,96.0,2,2022-09-09,2024-06-24,654,1.79,613600.0,1035000.0,6392.0,10781.0,68.7,33.9,"[{""date_mutation"": ""2022-09-09"", ""nature_mutation"": ""Vente"", ""valeur_fonciere"": 613600.0, ""surface_reelle_bati"": 96.0, ""nombre_pieces_principales"": 3.0, ""surface_terrain"": null, ""nb_lignes"": 1}, {""date_mutation"": ""2024-06-24"", ""nature_mutation"": ""Vente"", ""valeur_fonciere"": 1035000.0, ""surface_reelle_bati"": 96.0, ""nombre_pieces_principales"": 3.0, ""surface_terrain"": null, ""nb_lignes"": 1}]"
13215,MARSEILLE 15EME,13015,"30 BD BECH, 13015 MARSEILLE 15EME",898,E,35,132158980E0035,30.0,,BD,BECH,60.0,2,2021-06-14,2023-09-11,819,2.24,130000.0,250000.0,2167.0,4167.0,92.3,33.9,"[{""date_mutation"": ""2021-06-14"", ""nature_mutation"": ""Vente"", ""valeur_fonciere"": 130000.0, ""surface_reelle_bati"": 60.0, ""nombre_pieces_principales"": 4.0, ""surface_terrain"": 798.0, ""nb_lignes"": 1}, {""date_mutation"": ""2023-09-11"", ""nature_mutation"": ""Vente"", ""valeur_fonciere"": 250000.0, ""surface_reelle_bati"": 60.0, ""nombre_pieces_principales"": 4.0, ""surface_terrain"": 798.0, ""nb_lignes"": 1}]"
13213,MARSEILLE 13EME,13013,"1 AV JULLIEN, 13013 MARSEILLE 13EME",884,L,103,132138840L0103,1.0,,AV,JULLIEN,146.0,2,2021-11-04,2022-06-30,238,0.65,385000.0,465000.0,2637.0,3185.0,20.8,33.6,"[{""date_mutation"": ""2021-11-04"", ""nature_mutation"": ""Vente"", ""valeur_fonciere"": 385000.0, ""surface_reelle_bati"": 146.0, ""nombre_pieces_principales"": 3.0, ""surface_terrain"": 633.0, ""nb_lignes"": 2}, {""date_mutation"": ""2022-06-30"", ""nature_mutation"": ""Vente"", ""valeur_fonciere"": 465000.0, ""surface_reelle_bati"": 146.0, ""nombre_pieces_principales"": 3.0, ""surface_terrain"": 401.0, ""nb_lignes"": 2}]"
13213,MARSEILLE 13EME,13013,"5 A GR GRAND RUE LOUIS FABRY, 13013 MARSEILLE 13EME",880,D,54,132138800D0054,5.0,A,GR,GRAND RUE LOUIS FABRY,40.0,3,2021-10-04,2025-04-16,380,1.04,145000.0,195000.0,3625.0,4875.0,34.5,32.9,"[{""date_mutation"": ""2021-10-04"", ""nature_mutation"": ""Vente"", ""valeur_fonciere"": 145000.0, ""surface_reelle_bati"": 40.0, ""nombre_pieces_principales"": 2.0, ""surface_terrain"": 60.0, ""nb_lignes"": 1}, {""date_mutation"": ""2022-10-19"", ""nature_mutation"": ""Vente"", ""valeur_fonciere"": 180000.0, ""surface_reelle_bati"": 40.0, ""nombre_pieces_principales"": 2.0, ""surface_terrain"": 60.0, ""nb_lignes"": 1}, {""date_mutation"": ""2025-04-16"", ""nature_mutation"": ""Vente"", ""valeur_fonciere"": 195000.0, ""surface_reelle_bati"": 40.0, ""nombre_pieces_principales"": 2.0, ""surface_terrain"": 60.0, ""nb_lignes"": 1}]"
13208,MARSEILLE 8EME,13008,"43 TRA PRAT, 13008 MARSEILLE 8EME",841,H,57,132088410H0057,43.0,,TRA,PRAT,67.0,2,2021-06-24,2023-12-08,897,2.46,550000.0,1100000.0,8209.0,16418.0,100.0,32.6,"[{""date_mutation"": ""2021-06-24"", ""nature_mutation"": ""Vente"", ""valeur_fonciere"": 550000.0, ""surface_reelle_bati"": 67.0, ""nombre_pieces_principales"": 4.0, ""surface_terrain"": 307.0, ""nb_lignes"": 1}, {""date_mutation"": ""2023-12-08"", ""nature_mutation"": ""Vente"", ""valeur_fonciere"": 1100000.0, ""surface_reelle_bati"": 67.0, ""nombre_pieces_principales"": 4.0, ""surface_terrain"": 307.0, ""nb_lignes"": 1}]"
13213,MARSEILLE 13EME,13013,"43 AV MARCEL DELPRAT, 13013 MARSEILLE 13EME",880,E,12,132138800E0012,43.0,,AV,MARCEL DELPRAT,58.0,2,2021-08-31,2024-04-08,951,2.6,155000.0,320000.0,2672.0,5517.0,106.5,32.1,"[{""date_mutation"": ""2021-08-31"", ""nature_mutation"": ""Vente"", ""valeur_fonciere"": 155000.0, ""surface_reelle_bati"": 58.0, ""nombre_pieces_principales"": 3.0, ""surface_terrain"": 453.0, ""nb_lignes"": 1}, {""date_mutation"": ""2024-04-08"", ""nature_mutation"": ""Vente"", ""valeur_fonciere"": 320000.0, ""surface_reelle_bati"": 58.0, ""nombre_pieces_principales"": 3.0, ""surface_terrain"": 453.0, ""nb_lignes"": 1}]"
13208,MARSEILLE 8EME,13008,"134 RUE EDMOND ROSTAND, 13008 MARSEILLE 8EME",839,C,201,132088390C0201,134.0,,RUE,EDMOND ROSTAND,170.0,2,2022-01-19,2023-02-15,392,1.07,760000.0,1020000.0,4471.0,6000.0,34.2,31.5,"[{""date_mutation"": ""2022-01-19"", ""nature_mutation"": ""Vente"", ""valeur_fonciere"": 760000.0, ""surface_reelle_bati"": 170.0, ""nombre_pieces_principales"": 4.0, ""surface_terrain"": null, ""nb_lignes"": 1}, {""date_mutation"": ""2023-02-15"", ""nature_mutation"": ""Vente"", ""valeur_fonciere"": 1020000.0, ""surface_reelle_bati"": 170.0, ""nombre_pieces_principales"": 3.0, ""surface_terrain"": null, ""nb_lignes"": 1}]"
13212,MARSEILLE 12EME,13012,"38 AV DE BOIS LUZY, 13012 MARSEILLE 12EME",875,B,87,132128750B0087,38.0,,AV,DE BOIS LUZY,65.0,2,2020-09-10,2024-01-19,1226,3.36,370000.0,922500.0,5692.0,14192.0,149.3,31.3,"[{""date_mutation"": ""2020-09-10"", ""nature_mutation"": ""Vente"", ""valeur_fonciere"": 370000.0, ""surface_reelle_bati"": 65.0, ""nombre_pieces_principales"": 3.0, ""surface_terrain"": 362.0, ""nb_lignes"": 1}, {""date_mutation"": ""2024-01-19"", ""nature_mutation"": ""Vente"", ""valeur_fonciere"": 922500.0, ""surface_reelle_bati"": 65.0, ""nombre_pieces_principales"": 3.0, ""surface_terrain"": 362.0, ""nb_lignes"": 1}]"
13205,MARSEILLE 5EME,13005,"15 RUE ROUSSEAU, 13005 MARSEILLE 5EME",821,I,119,132058210I0119,15.0,,RUE,ROUSSEAU,58.0,2,2022-01-27,2024-03-01,764,2.09,415000.0,728823.0,7155.0,12566.0,75.6,30.9,"[{""date_mutation"": ""2022-01-27"", ""nature_mutation"": ""Vente"", ""valeur_fonciere"": 415000.0, ""surface_reelle_bati"": 58.0, ""nombre_pieces_principales"": 3.0, ""surface_terrain"": 131.0, ""nb_lignes"": 1}, {""date_mutation"": ""2024-03-01"", ""nature_mutation"": ""Vente"", ""valeur_fonciere"": 728823.0, ""surface_reelle_bati"": 58.0, ""nombre_pieces_principales"": 3.0, ""surface_terrain"": 131.0, ""nb_lignes"": 1}]"
13212,MARSEILLE 12EME,13012,"66 BD DES FAUVETTES, 13012 MARSEILLE 12EME",877,M,68,132128770M0068,66.0,,BD,DES FAUVETTES,50.0,2,2021-12-13,2025-02-03,1148,3.14,195000.0,445000.0,3900.0,8900.0,128.2,30.0,"[{""date_mutation"": ""2021-12-13"", ""nature_mutation"": ""Vente"", ""valeur_fonciere"": 195000.0, ""surface_reelle_bati"": 50.0, ""nombre_pieces_principales"": 3.0, ""surface_terrain"": 116.0, ""nb_lignes"": 1}, {""date_mutation"": ""2025-02-03"", ""nature_mutation"": ""Vente"", ""valeur_fonciere"": 445000.0, ""surface_reelle_bati"": 50.0, ""nombre_pieces_principales"": 3.0, ""surface_terrain"": 116.0, ""nb_lignes"": 1}]"
13207,MARSEILLE 7EME,13007,"6 IMP SAUZE, 13007 MARSEILLE 7EME",830,D,131,132078300D0131,6.0,,IMP,SAUZE,100.0,2,2022-01-03,2023-06-01,514,1.41,649000.0,934260.0,6490.0,9343.0,44.0,29.5,"[{""date_mutation"": ""2022-01-03"", ""nature_mutation"": ""Vente"", ""valeur_fonciere"": 649000.0, ""surface_reelle_bati"": 100.0, ""nombre_pieces_principales"": 5.0, ""surface_terrain"": 123.0, ""nb_lignes"": 1}, {""date_mutation"": ""2023-06-01"", ""nature_mutation"": ""Vente"", ""valeur_fonciere"": 934260.0, ""surface_reelle_bati"": 100.0, ""nombre_pieces_principales"": 5.0, ""surface_terrain"": 123.0, ""nb_lignes"": 1}]"
13211,MARSEILLE 11EME,13011,"24 RTE DE LA TREILLE, 13011 MARSEILLE 11EME",863,B,111,132118630B0111,24.0,,RTE,DE LA TREILLE,35.0,3,2022-11-17,2024-08-09,281,0.77,295000.0,360000.0,8429.0,10286.0,22.0,29.5,"[{""date_mutation"": ""2022-11-17"", ""nature_mutation"": ""Vente"", ""valeur_fonciere"": 295000.0, ""surface_reelle_bati"": 35.0, ""nombre_pieces_principales"": 2.0, ""surface_terrain"": 185.0, ""nb_lignes"": 1}, {""date_mutation"": ""2023-08-25"", ""nature_mutation"": ""Vente"", ""valeur_fonciere"": 318000.0, ""surface_reelle_bati"": 35.0, ""nombre_pieces_principales"": 2.0, ""surface_terrain"": 185.0, ""nb_lignes"": 1}, {""date_mutation"": ""2024-08-09"", ""nature_mutation"": ""Vente"", ""valeur_fonciere"": 360000.0, ""surface_reelle_bati"": 35.0, ""nombre_pieces_principales"": 2.0, ""surface_terrain"": 185.0, ""nb_lignes"": 1}]"
13209,MARSEILLE 9EME,13009,"44 RUE EMILE ZOLA, 13009 MARSEILLE 9EME",849,O,256,132098490O0256,44.0,,RUE,EMILE ZOLA,50.0,2,2021-08-31,2022-09-08,373,1.02,320000.0,415000.0,6400.0,8300.0,29.7,29.0,"[{""date_mutation"": ""2021-08-31"", ""nature_mutation"": ""Vente"", ""valeur_fonciere"": 320000.0, ""surface_reelle_bati"": 50.0, ""nombre_pieces_principales"": 2.0, ""surface_terrain"": 77.0, ""nb_lignes"": 1}, {""date_mutation"": ""2022-09-08"", ""nature_mutation"": ""Vente"", ""valeur_fonciere"": 415000.0, ""surface_reelle_bati"": 50.0, ""nombre_pieces_principales"": 2.0, ""surface_terrain"": 77.0, ""nb_lignes"": 1}]"
13207,MARSEILLE 7EME,13007,"3 RUE BERLE, 13007 MARSEILLE 7EME",829,L,54,132078290L0054,3.0,,RUE,BERLE,31.0,2,2020-10-12,2022-11-07,756,2.07,110000.0,185000.0,3548.0,5968.0,68.2,28.6,"[{""date_mutation"": ""2020-10-12"", ""nature_mutation"": ""Vente"", ""valeur_fonciere"": 110000.0, ""surface_reelle_bati"": 31.0, ""nombre_pieces_principales"": 2.0, ""surface_terrain"": null, ""nb_lignes"": 1}, {""date_mutation"": ""2022-11-07"", ""nature_mutation"": ""Vente"", ""valeur_fonciere"": 185000.0, ""surface_reelle_bati"": 31.0, ""nombre_pieces_principales"": 2.0, ""surface_terrain"": null, ""nb_lignes"": 1}]"
13211,MARSEILLE 11EME,13011,"64 T BD DE LA VALBARELLE, 13011 MARSEILLE 11EME",870,A,170,132118700A0170,64.0,T,BD,DE LA VALBARELLE,91.0,2,2022-03-11,2025-03-26,1111,3.04,390000.0,772000.0,4286.0,8484.0,97.9,25.2,"[{""date_mutation"": ""2022-03-11"", ""nature_mutation"": ""Vente"", ""valeur_fonciere"": 390000.0, ""surface_reelle_bati"": 91.0, ""nombre_pieces_principales"": 5.0, ""surface_terrain"": 454.0, ""nb_lignes"": 1}, {""date_mutation"": ""2025-03-26"", ""nature_mutation"": ""Vente"", ""valeur_fonciere"": 772000.0, ""surface_reelle_bati"": 91.0, ""nombre_pieces_principales"": 5.0, ""surface_terrain"": 454.0, ""nb_lignes"": 1}]"
13208,MARSEILLE 8EME,13008,"230 BD PERIER, 13008 MARSEILLE 8EME",839,A,60,132088390A0060,230.0,,BD,PERIER,180.0,2,2020-12-22,2022-05-31,525,1.44,1000000.0,1380000.0,5556.0,7667.0,38.0,25.1,"[{""date_mutation"": ""2020-12-22"", ""nature_mutation"": ""Vente"", ""valeur_fonciere"": 1000000.0, ""surface_reelle_bati"": 180.0, ""nombre_pieces_principales"": 8.0, ""surface_terrain"": 954.0, ""nb_lignes"": 1}, {""date_mutation"": ""2022-05-31"", ""nature_mutation"": ""Vente"", ""valeur_fonciere"": 1380000.0, ""surface_reelle_bati"": 180.0, ""nombre_pieces_principales"": 8.0, ""surface_terrain"": 954.0, ""nb_lignes"": 1}]"
13211,MARSEILLE 11EME,13011,"30 CHE DE RUISSATEL, 13011 MARSEILLE 11EME",863,I,414,132118630I0414,30.0,,CHE,DE RUISSATEL,141.0,2,2020-08-10,2021-06-23,317,0.87,589600.0,714000.0,4182.0,5064.0,21.1,24.7,"[{""date_mutation"": ""2020-08-10"", ""nature_mutation"": ""Vente"", ""valeur_fonciere"": 589600.0, ""surface_reelle_bati"": 141.0, ""nombre_pieces_principales"": 5.0, ""surface_terrain"": 700.0, ""nb_lignes"": 1}, {""date_mutation"": ""2021-06-23"", ""nature_mutation"": ""Vente"", ""valeur_fonciere"": 714000.0, ""surface_reelle_bati"": 141.0, ""nombre_pieces_principales"": 5.0, ""surface_terrain"": 700.0, ""nb_lignes"": 1}]"
13210,MARSEILLE 10EME,13010,"2 IMP ANDRE, 13010 MARSEILLE 10EME",856,C,12,132108560C0012,2.0,,IMP,ANDRE,133.0,2,2020-07-23,2021-07-01,343,0.94,342000.0,420000.0,2571.0,3158.0,22.8,24.5,"[{""date_mutation"": ""2020-07-23"", ""nature_mutation"": ""Vente"", ""valeur_fonciere"": 342000.0, ""surface_reelle_bati"": 133.0, ""nombre_pieces_principales"": 4.0, ""surface_terrain"": null, ""nb_lignes"": 1}, {""date_mutation"": ""2021-07-01"", ""nature_mutation"": ""Vente"", ""valeur_fonciere"": 420000.0, ""surface_reelle_bati"": 133.0, ""nombre_pieces_principales"": 4.0, ""surface_terrain"": null, ""nb_lignes"": 1}]"
13207,MARSEILLE 7EME,13007,"4 RUE PEYRONNET, 13007 MARSEILLE 7EME",829,H,174,132078290H0174,4.0,,RUE,PEYRONNET,79.0,2,2023-10-24,2024-07-08,258,0.71,561321.0,655000.0,7105.0,8291.0,16.7,24.4,"[{""date_mutation"": ""2023-10-24"", ""nature_mutation"": ""Vente"", ""valeur_fonciere"": 561321.0, ""surface_reelle_bati"": 79.0, ""nombre_pieces_principales"": 3.0, ""surface_terrain"": 198.0, ""nb_lignes"": 1}, {""date_mutation"": ""2024-07-08"", ""nature_mutation"": ""Vente"", ""valeur_fonciere"": 655000.0, ""surface_reelle_bati"": 79.0, ""nombre_pieces_principales"": 3.0, ""surface_terrain"": 198.0, ""nb_lignes"": 1}]"
13207,MARSEILLE 7EME,13007,"3 RUE ETIENNE MEIN, 13007 MARSEILLE 7EME",829,H,113,132078290H0113,3.0,,RUE,ETIENNE MEIN,225.0,2,2020-07-24,2021-04-12,262,0.72,1200000.0,1400000.0,5333.0,6222.0,16.7,24.0,"[{""date_mutation"": ""2020-07-24"", ""nature_mutation"": ""Vente"", ""valeur_fonciere"": 1200000.0, ""surface_reelle_bati"": 225.0, ""nombre_pieces_principales"": 6.0, ""surface_terrain"": 750.0, ""nb_lignes"": 2}, {""date_mutation"": ""2021-04-12"", ""nature_mutation"": ""Vente"", ""valeur_fonciere"": 1400000.0, ""surface_reelle_bati"": 225.0, ""nombre_pieces_principales"": 6.0, ""surface_terrain"": 750.0, ""nb_lignes"": 2}]"
13212,MARSEILLE 12EME,13012,"5 TSSE SAUTADOU, 13012 MARSEILLE 12EME",872,C,251,132128720C0251,5.0,,TSSE,SAUTADOU,139.0,2,2021-11-26,2022-08-11,258,0.71,540000.0,628000.0,3885.0,4518.0,16.3,23.8,"[{""date_mutation"": ""2021-11-26"", ""nature_mutation"": ""Vente"", ""valeur_fonciere"": 540000.0, ""surface_reelle_bati"": 139.0, ""nombre_pieces_principales"": 4.0, ""surface_terrain"": 578.0, ""nb_lignes"": 1}, {""date_mutation"": ""2022-08-11"", ""nature_mutation"": ""Vente"", ""valeur_fonciere"": 628000.0, ""surface_reelle_bati"": 139.0, ""nombre_pieces_principales"": 4.0, ""surface_terrain"": 578.0, ""nb_lignes"": 1}]"
13214,MARSEILLE 14EME,13014,"2 ALL DES TROENES, 13014 MARSEILLE 14EME",893,B,252,132148930B0252,2.0,,ALL,DES TROENES,440.0,2,2020-11-23,2022-05-12,535,1.46,623700.0,850000.0,1418.0,1932.0,36.3,23.5,"[{""date_mutation"": ""2020-11-23"", ""nature_mutation"": ""Vente"", ""valeur_fonciere"": 623700.0, ""surface_reelle_bati"": 440.0, ""nombre_pieces_principales"": 7.0, ""surface_terrain"": 1165.0, ""nb_lignes"": 2}, {""date_mutation"": ""2022-05-12"", ""nature_mutation"": ""Vente"", ""valeur_fonciere"": 850000.0, ""surface_reelle_bati"": 440.0, ""nombre_pieces_principales"": 7.0, ""surface_terrain"": 1165.0, ""nb_lignes"": 2}]"
13207,MARSEILLE 7EME,13007,"22 AV DES ROCHES, 13007 MARSEILLE 7EME",829,D,139,132078290D0139,22.0,,AV,DES ROCHES,168.0,2,2021-11-29,2025-05-28,1276,3.49,1050000.0,2170000.0,6250.0,12917.0,106.7,23.1,"[{""date_mutation"": ""2021-11-29"", ""nature_mutation"": ""Vente"", ""valeur_fonciere"": 1050000.0, ""surface_reelle_bati"": 168.0, ""nombre_pieces_principales"": 6.0, ""surface_terrain"": 800.0, ""nb_lignes"": 1}, {""date_mutation"": ""2025-05-28"", ""nature_mutation"": ""Vente"", ""valeur_fonciere"": 2170000.0, ""surface_reelle_bati"": 168.0, ""nombre_pieces_principales"": 6.0, ""surface_terrain"": 800.0, ""nb_lignes"": 1}]"
13211,MARSEILLE 11EME,13011,"45 F BD DES FAUVETTES, 13011 MARSEILLE 11EME",863,D,391,132118630D0391,45.0,F,BD,DES FAUVETTES,75.0,2,2021-05-31,2025-06-24,1485,4.07,388250.0,898250.0,5177.0,11977.0,131.4,22.9,"[{""date_mutation"": ""2021-05-31"", ""nature_mutation"": ""Vente"", ""valeur_fonciere"": 388250.0, ""surface_reelle_bati"": 75.0, ""nombre_pieces_principales"": 3.0, ""surface_terrain"": 945.0, ""nb_lignes"": 1}, {""date_mutation"": ""2025-06-24"", ""nature_mutation"": ""Vente"", ""valeur_fonciere"": 898250.0, ""surface_reelle_bati"": 75.0, ""nombre_pieces_principales"": 3.0, ""surface_terrain"": 945.0, ""nb_lignes"": 1}]"
13212,MARSEILLE 12EME,13012,"40 BD DEBORD, 13012 MARSEILLE 12EME",874,U,115,132128740U0115,40.0,,BD,DEBORD,65.0,2,2020-07-28,2022-10-07,801,2.19,315000.0,490000.0,4846.0,7538.0,55.6,22.3,"[{""date_mutation"": ""2020-07-28"", ""nature_mutation"": ""Vente"", ""valeur_fonciere"": 315000.0, ""surface_reelle_bati"": 65.0, ""nombre_pieces_principales"": 4.0, ""surface_terrain"": 205.0, ""nb_lignes"": 1}, {""date_mutation"": ""2022-10-07"", ""nature_mutation"": ""Vente"", ""valeur_fonciere"": 490000.0, ""surface_reelle_bati"": 65.0, ""nombre_pieces_principales"": 4.0, ""surface_terrain"": 205.0, ""nb_lignes"": 1}]"
13215,MARSEILLE 15EME,13015,"8 TSSE BERNABO, 13015 MARSEILLE 15EME",899,A,9,132158990A0009,8.0,,TSSE,BERNABO,110.0,2,2021-06-03,2023-12-18,928,2.54,145400.0,238800.0,1322.0,2171.0,64.2,21.6,"[{""date_mutation"": ""2021-06-03"", ""nature_mutation"": ""Vente"", ""valeur_fonciere"": 145400.0, ""surface_reelle_bati"": 110.0, ""nombre_pieces_principales"": 4.0, ""surface_terrain"": 204.0, ""nb_lignes"": 1}, {""date_mutation"": ""2023-12-18"", ""nature_mutation"": ""Vente"", ""valeur_fonciere"": 238800.0, ""surface_reelle_bati"": 110.0, ""nombre_pieces_principales"": 4.0, ""surface_terrain"": 204.0, ""nb_lignes"": 1}]"
13203,MARSEILLE 3EME,13003,"64 TRA SERY, 13003 MARSEILLE 3EME",811,D,12,132038110D0012,64.0,,TRA,SERY,90.0,2,2021-09-30,2023-08-24,693,1.9,280000.0,400000.0,3111.0,4444.0,42.9,20.7,"[{""date_mutation"": ""2021-09-30"", ""nature_mutation"": ""Vente"", ""valeur_fonciere"": 280000.0, ""surface_reelle_bati"": 90.0, ""nombre_pieces_principales"": 4.0, ""surface_terrain"": 131.0, ""nb_lignes"": 1}, {""date_mutation"": ""2023-08-24"", ""nature_mutation"": ""Vente"", ""valeur_fonciere"": 400000.0, ""surface_reelle_bati"": 90.0, ""nombre_pieces_principales"": 4.0, ""surface_terrain"": 131.0, ""nb_lignes"": 1}]"
13212,MARSEILLE 12EME,13012,"22 IMP DE LA MARIONNE, 13012 MARSEILLE 12EME",878,B,200,132128780B0200,22.0,,IMP,DE LA MARIONNE,124.0,2,2021-02-25,2023-10-26,973,2.66,650000.0,1067300.0,5242.0,8607.0,64.2,20.5,"[{""date_mutation"": ""2021-02-25"", ""nature_mutation"": ""Vente"", ""valeur_fonciere"": 650000.0, ""surface_reelle_bati"": 124.0, ""nombre_pieces_principales"": 5.0, ""surface_terrain"": 942.0, ""nb_lignes"": 1}, {""date_mutation"": ""2023-10-26"", ""nature_mutation"": ""Vente"", ""valeur_fonciere"": 1067300.0, ""surface_reelle_bati"": 124.0, ""nombre_pieces_principales"": 5.0, ""surface_terrain"": 942.0, ""nb_lignes"": 1}]"
13213,MARSEILLE 13EME,13013,"167 F AV DE LA CROIX ROUGE, 13013 MARSEILLE 13EME",879,C,298,132138790C0298,167.0,F,AV,DE LA CROIX ROUGE,68.0,2,2020-09-21,2025-04-30,1682,4.61,120000.0,280000.0,1765.0,4118.0,133.3,20.2,"[{""date_mutation"": ""2020-09-21"", ""nature_mutation"": ""Vente"", ""valeur_fonciere"": 120000.0, ""surface_reelle_bati"": 68.0, ""nombre_pieces_principales"": 3.0, ""surface_terrain"": 501.0, ""nb_lignes"": 1}, {""date_mutation"": ""2025-04-30"", ""nature_mutation"": ""Vente"", ""valeur_fonciere"": 280000.0, ""surface_reelle_bati"": 68.0, ""nombre_pieces_principales"": 3.0, ""surface_terrain"": 501.0, ""nb_lignes"": 1}]"
13211,MARSEILLE 11EME,13011,"5094 F CHE DU VALLON DU PASSE TEMPS, 13011 MARSEILLE 11EME",869,C,94,132118690C0094,5094.0,F,CHE,DU VALLON DU PASSE TEMPS,119.0,2,2021-07-21,2022-07-29,373,1.02,1098950.0,1320000.0,9235.0,11092.0,20.1,19.7,"[{""date_mutation"": ""2021-07-21"", ""nature_mutation"": ""Vente"", ""valeur_fonciere"": 1098950.0, ""surface_reelle_bati"": 119.0, ""nombre_pieces_principales"": 4.0, ""surface_terrain"": 368.0, ""nb_lignes"": 1}, {""date_mutation"": ""2022-07-29"", ""nature_mutation"": ""Vente"", ""valeur_fonciere"": 1320000.0, ""surface_reelle_bati"": 119.0, ""nombre_pieces_principales"": 4.0, ""surface_terrain"": 368.0, ""nb_lignes"": 1}]"
13213,MARSEILLE 13EME,13013,"5 AV DE FUVEAU, 13013 MARSEILLE 13EME",881,B,24,132138810B0024,5.0,,AV,DE FUVEAU,59.0,2,2023-06-02,2024-08-08,433,1.19,190000.0,234700.0,3220.0,3978.0,23.5,19.5,"[{""date_mutation"": ""2023-06-02"", ""nature_mutation"": ""Vente"", ""valeur_fonciere"": 190000.0, ""surface_reelle_bati"": 59.0, ""nombre_pieces_principales"": 3.0, ""surface_terrain"": 125.0, ""nb_lignes"": 1}, {""date_mutation"": ""2024-08-08"", ""nature_mutation"": ""Vente"", ""valeur_fonciere"": 234700.0, ""surface_reelle_bati"": 59.0, ""nombre_pieces_principales"": 3.0, ""surface_terrain"": 125.0, ""nb_lignes"": 1}]"
13207,MARSEILLE 7EME,13007,"15 RUE DE LA GORGE, 13007 MARSEILLE 7EME",834,D,130,132078340D0130,15.0,,RUE,DE LA GORGE,140.0,2,2021-03-08,2023-05-25,808,2.21,808000.0,1178800.0,5771.0,8420.0,45.9,18.6,"[{""date_mutation"": ""2021-03-08"", ""nature_mutation"": ""Vente"", ""valeur_fonciere"": 808000.0, ""surface_reelle_bati"": 140.0, ""nombre_pieces_principales"": 6.0, ""surface_terrain"": 220.0, ""nb_lignes"": 1}, {""date_mutation"": ""2023-05-25"", ""nature_mutation"": ""Vente"", ""valeur_fonciere"": 1178800.0, ""surface_reelle_bati"": 140.0, ""nombre_pieces_principales"": 6.0, ""surface_terrain"": 220.0, ""nb_lignes"": 1}]"
13206,MARSEILLE 6EME,13006,"31 RUE DES ANTILLES, 13006 MARSEILLE 6EME",828,I,82,132068280I0082,31.0,,RUE,DES ANTILLES,78.0,2,2021-06-15,2024-02-23,983,2.69,400000.0,630600.0,5128.0,8085.0,57.6,18.4,"[{""date_mutation"": ""2021-06-15"", ""nature_mutation"": ""Vente"", ""valeur_fonciere"": 400000.0, ""surface_reelle_bati"": 78.0, ""nombre_pieces_principales"": 3.0, ""surface_terrain"": 99.0, ""nb_lignes"": 1}, {""date_mutation"": ""2024-02-23"", ""nature_mutation"": ""Vente"", ""valeur_fonciere"": 630600.0, ""surface_reelle_bati"": 78.0, ""nombre_pieces_principales"": 3.0, ""surface_terrain"": 99.0, ""nb_lignes"": 1}]"
13213,MARSEILLE 13EME,13013,"6 RUE NIELS BOHR, 13013 MARSEILLE 13EME",880,C,122,132138800C0122,6.0,,RUE,NIELS BOHR,81.0,2,2020-10-02,2023-10-16,1109,3.04,300000.0,500000.0,3704.0,6173.0,66.7,18.3,"[{""date_mutation"": ""2020-10-02"", ""nature_mutation"": ""Vente"", ""valeur_fonciere"": 300000.0, ""surface_reelle_bati"": 81.0, ""nombre_pieces_principales"": 4.0, ""surface_terrain"": 1000.0, ""nb_lignes"": 1}, {""date_mutation"": ""2023-10-16"", ""nature_mutation"": ""Vente"", ""valeur_fonciere"": 500000.0, ""surface_reelle_bati"": 81.0, ""nombre_pieces_principales"": 4.0, ""surface_terrain"": 1000.0, ""nb_lignes"": 1}]"
13204,MARSEILLE 4EME,13004,"4 BD CASSINI, 13004 MARSEILLE 4EME",818,B,5,132048180B0005,4.0,,BD,CASSINI,240.0,2,2022-04-22,2024-06-24,794,2.17,420000.0,605000.0,1750.0,2521.0,44.0,18.3,"[{""date_mutation"": ""2022-04-22"", ""nature_mutation"": ""Vente"", ""valeur_fonciere"": 420000.0, ""surface_reelle_bati"": 240.0, ""nombre_pieces_principales"": 8.0, ""surface_terrain"": 179.0, ""nb_lignes"": 1}, {""date_mutation"": ""2024-06-24"", ""nature_mutation"": ""Vente"", ""valeur_fonciere"": 605000.0, ""surface_reelle_bati"": 240.0, ""nombre_pieces_principales"": 8.0, ""surface_terrain"": 179.0, ""nb_lignes"": 1}]"
13209,MARSEILLE 9EME,13009,"2 AV DU DOCTEUR PAGE, 13009 MARSEILLE 9EME",849,V,57,132098490V0057,2.0,,AV,DU DOCTEUR PAGE,175.0,2,2020-10-01,2022-05-09,585,1.6,1150000.0,1504800.0,6571.0,8599.0,30.9,18.3,"[{""date_mutation"": ""2020-10-01"", ""nature_mutation"": ""Vente"", ""valeur_fonciere"": 1150000.0, ""surface_reelle_bati"": 175.0, ""nombre_pieces_principales"": 5.0, ""surface_terrain"": 340.0, ""nb_lignes"": 1}, {""date_mutation"": ""2022-05-09"", ""nature_mutation"": ""Vente"", ""valeur_fonciere"": 1504800.0, ""surface_reelle_bati"": 175.0, ""nombre_pieces_principales"": 5.0, ""surface_terrain"": 340.0, ""nb_lignes"": 1}]"
13212,MARSEILLE 12EME,13012,"31 AV DU BOUSQUETIER, 13012 MARSEILLE 12EME",877,N,368,132128770N0368,31.0,,AV,DU BOUSQUETIER,71.0,2,2021-08-04,2022-06-23,323,0.88,547000.0,634000.0,7704.0,8930.0,15.9,18.2,"[{""date_mutation"": ""2021-08-04"", ""nature_mutation"": ""Vente"", ""valeur_fonciere"": 547000.0, ""surface_reelle_bati"": 71.0, ""nombre_pieces_principales"": 3.0, ""surface_terrain"": 352.0, ""nb_lignes"": 1}, {""date_mutation"": ""2022-06-23"", ""nature_mutation"": ""Vente"", ""valeur_fonciere"": 634000.0, ""surface_reelle_bati"": 71.0, ""nombre_pieces_principales"": 3.0, ""surface_terrain"": 352.0, ""nb_lignes"": 1}]"
13216,MARSEILLE 16EME,13016,"16 RUE MILLAU, 13016 MARSEILLE 16EME",911,I,50,132169110I0050,16.0,,RUE,MILLAU,65.0,2,2021-09-22,2023-04-03,558,1.53,175000.0,225000.0,2692.0,3462.0,28.6,17.9,"[{""date_mutation"": ""2021-09-22"", ""nature_mutation"": ""Vente"", ""valeur_fonciere"": 175000.0, ""surface_reelle_bati"": 65.0, ""nombre_pieces_principales"": 4.0, ""surface_terrain"": 125.0, ""nb_lignes"": 1}, {""date_mutation"": ""2023-04-03"", ""nature_mutation"": ""Vente"", ""valeur_fonciere"": 225000.0, ""surface_reelle_bati"": 65.0, ""nombre_pieces_principales"": 4.0, ""surface_terrain"": 125.0, ""nb_lignes"": 1}]"
13213,MARSEILLE 13EME,13013,"5 BD DE LA PRESENTATION, 13013 MARSEILLE 13EME",886,M,62,132138860M0062,5.0,,BD,DE LA PRESENTATION,75.0,2,2020-10-29,2021-11-05,372,1.02,267300.0,315550.0,3564.0,4207.0,18.1,17.7,"[{""date_mutation"": ""2020-10-29"", ""nature_mutation"": ""Vente"", ""valeur_fonciere"": 267300.0, ""surface_reelle_bati"": 75.0, ""nombre_pieces_principales"": 1.0, ""surface_terrain"": 418.0, ""nb_lignes"": 1}, {""date_mutation"": ""2021-11-05"", ""nature_mutation"": ""Vente"", ""valeur_fonciere"": 315550.0, ""surface_reelle_bati"": 75.0, ""nombre_pieces_principales"": 1.0, ""surface_terrain"": 418.0, ""nb_lignes"": 1}]"
13207,MARSEILLE 7EME,13007,"426 CHE DU ROUCAS BLANC, 13007 MARSEILLE 7EME",833,K,56,132078330K0056,426.0,,CHE,DU ROUCAS BLANC,400.0,2,2022-12-23,2023-11-30,342,0.94,860000.0,1000000.0,2150.0,2500.0,16.3,17.5,"[{""date_mutation"": ""2022-12-23"", ""nature_mutation"": ""Vente"", ""valeur_fonciere"": 860000.0, ""surface_reelle_bati"": 400.0, ""nombre_pieces_principales"": 6.0, ""surface_terrain"": 587.0, ""nb_lignes"": 2}, {""date_mutation"": ""2023-11-30"", ""nature_mutation"": ""Vente"", ""valeur_fonciere"": 1000000.0, ""surface_reelle_bati"": 400.0, ""nombre_pieces_principales"": 6.0, ""surface_terrain"": 1865.0, ""nb_lignes"": 2}]"
13215,MARSEILLE 15EME,13015,"4 BD JEAN JUVENAL, 13015 MARSEILLE 15EME",903,A,181,132159030A0181,4.0,,BD,JEAN JUVENAL,83.0,2,2020-08-06,2021-05-25,292,0.8,310000.0,352000.0,3735.0,4241.0,13.5,17.2,"[{""date_mutation"": ""2020-08-06"", ""nature_mutation"": ""Vente"", ""valeur_fonciere"": 310000.0, ""surface_reelle_bati"": 83.0, ""nombre_pieces_principales"": 4.0, ""surface_terrain"": 914.0, ""nb_lignes"": 1}, {""date_mutation"": ""2021-05-25"", ""nature_mutation"": ""Vente"", ""valeur_fonciere"": 352000.0, ""surface_reelle_bati"": 83.0, ""nombre_pieces_principales"": 4.0, ""surface_terrain"": 914.0, ""nb_lignes"": 1}]"
13206,MARSEILLE 6EME,13006,"44 A RUE DE LA GUADELOUPE, 13006 MARSEILLE 6EME",828,H,180,132068280H0180,44.0,A,RUE,DE LA GUADELOUPE,42.0,2,2020-11-17,2023-03-28,861,2.36,459000.0,667000.0,10929.0,15881.0,45.3,17.2,"[{""date_mutation"": ""2020-11-17"", ""nature_mutation"": ""Vente"", ""valeur_fonciere"": 459000.0, ""surface_reelle_bati"": 42.0, ""nombre_pieces_principales"": 3.0, ""surface_terrain"": 59.0, ""nb_lignes"": 1}, {""date_mutation"": ""2023-03-28"", ""nature_mutation"": ""Vente"", ""valeur_fonciere"": 667000.0, ""surface_reelle_bati"": 42.0, ""nombre_pieces_principales"": 3.0, ""surface_terrain"": 59.0, ""nb_lignes"": 1}]"
13213,MARSEILLE 13EME,13013,"7 PL DU GRAND PASCAL, 13013 MARSEILLE 13EME",884,K,22,132138840K0022,7.0,,PL,DU GRAND PASCAL,40.0,2,2021-01-29,2022-01-10,346,0.95,125000.0,145000.0,3125.0,3625.0,16.0,17.0,"[{""date_mutation"": ""2021-01-29"", ""nature_mutation"": ""Vente"", ""valeur_fonciere"": 125000.0, ""surface_reelle_bati"": 40.0, ""nombre_pieces_principales"": 2.0, ""surface_terrain"": 30.0, ""nb_lignes"": 1}, {""date_mutation"": ""2022-01-10"", ""nature_mutation"": ""Vente"", ""valeur_fonciere"": 145000.0, ""surface_reelle_bati"": 40.0, ""nombre_pieces_principales"": 2.0, ""surface_terrain"": 30.0, ""nb_lignes"": 1}]"
13213,MARSEILLE 13EME,13013,"5016 F CHE DE PARANQUE, 13013 MARSEILLE 13EME",879,C,16,132138790C0016,5016.0,F,CHE,DE PARANQUE,64.0,2,2021-05-10,2022-11-15,554,1.52,200000.0,252000.0,3125.0,3938.0,26.0,16.5,"[{""date_mutation"": ""2021-05-10"", ""nature_mutation"": ""Vente"", ""valeur_fonciere"": 200000.0, ""surface_reelle_bati"": 64.0, ""nombre_pieces_principales"": 3.0, ""surface_terrain"": 365.0, ""nb_lignes"": 1}, {""date_mutation"": ""2022-11-15"", ""nature_mutation"": ""Vente"", ""valeur_fonciere"": 252000.0, ""surface_reelle_bati"": 64.0, ""nombre_pieces_principales"": 3.0, ""surface_terrain"": 365.0, ""nb_lignes"": 1}]"
13208,MARSEILLE 8EME,13008,"99 BD ALEXANDRE DELABRE, 13008 MARSEILLE 8EME",837,D,325,132088370D0325,99.0,,BD,ALEXANDRE DELABRE,81.0,2,2021-08-20,2023-08-31,741,2.03,530000.0,720000.0,6543.0,8889.0,35.8,16.3,"[{""date_mutation"": ""2021-08-20"", ""nature_mutation"": ""Vente"", ""valeur_fonciere"": 530000.0, ""surface_reelle_bati"": 81.0, ""nombre_pieces_principales"": 3.0, ""surface_terrain"": 24.0, ""nb_lignes"": 1}, {""date_mutation"": ""2023-08-31"", ""nature_mutation"": ""Vente"", ""valeur_fonciere"": 720000.0, ""surface_reelle_bati"": 81.0, ""nombre_pieces_principales"": 3.0, ""surface_terrain"": 24.0, ""nb_lignes"": 1}]"
13212,MARSEILLE 12EME,13012,"5 AV COROGNE, 13012 MARSEILLE 12EME",874,M,54,132128740M0054,5.0,,AV,COROGNE,45.0,2,2024-10-31,2025-06-17,229,0.63,345000.0,379000.0,7667.0,8422.0,9.9,16.2,"[{""date_mutation"": ""2024-10-31"", ""nature_mutation"": ""Vente"", ""valeur_fonciere"": 345000.0, ""surface_reelle_bati"": 45.0, ""nombre_pieces_principales"": 3.0, ""surface_terrain"": 352.0, ""nb_lignes"": 1}, {""date_mutation"": ""2025-06-17"", ""nature_mutation"": ""Vente"", ""valeur_fonciere"": 379000.0, ""surface_reelle_bati"": 45.0, ""nombre_pieces_principales"": 3.0, ""surface_terrain"": 352.0, ""nb_lignes"": 1}]"
13216,MARSEILLE 16EME,13016,"12 TRA PITANCE, 13016 MARSEILLE 16EME",911,I,3,132169110I0003,12.0,,TRA,PITANCE,67.0,2,2021-05-03,2023-05-10,737,2.02,370000.0,500000.0,5522.0,7463.0,35.1,16.1,"[{""date_mutation"": ""2021-05-03"", ""nature_mutation"": ""Vente"", ""valeur_fonciere"": 370000.0, ""surface_reelle_bati"": 67.0, ""nombre_pieces_principales"": 2.0, ""surface_terrain"": 464.0, ""nb_lignes"": 1}, {""date_mutation"": ""2023-05-10"", ""nature_mutation"": ""Vente"", ""valeur_fonciere"": 500000.0, ""surface_reelle_bati"": 67.0, ""nombre_pieces_principales"": 2.0, ""surface_terrain"": 464.0, ""nb_lignes"": 1}]"
13209,MARSEILLE 9EME,13009,"31 BD DU FELIBRIGE, 13009 MARSEILLE 9EME",851,C,115,132098510C0115,31.0,,BD,DU FELIBRIGE,80.0,2,2020-11-17,2021-11-04,352,0.96,400000.0,461600.0,5000.0,5770.0,15.4,16.0,"[{""date_mutation"": ""2020-11-17"", ""nature_mutation"": ""Vente"", ""valeur_fonciere"": 400000.0, ""surface_reelle_bati"": 80.0, ""nombre_pieces_principales"": 3.0, ""surface_terrain"": 436.0, ""nb_lignes"": 1}, {""date_mutation"": ""2021-11-04"", ""nature_mutation"": ""Vente"", ""valeur_fonciere"": 461600.0, ""surface_reelle_bati"": 80.0, ""nombre_pieces_principales"": 3.0, ""surface_terrain"": 436.0, ""nb_lignes"": 1}]"
13210,MARSEILLE 10EME,13010,"34 BD SACCOMAN, 13010 MARSEILLE 10EME",857,I,59,132108570I0059,34.0,,BD,SACCOMAN,55.0,2,2022-04-26,2023-01-31,280,0.77,176000.0,197000.0,3200.0,3582.0,11.9,15.8,"[{""date_mutation"": ""2022-04-26"", ""nature_mutation"": ""Vente"", ""valeur_fonciere"": 176000.0, ""surface_reelle_bati"": 55.0, ""nombre_pieces_principales"": 3.0, ""surface_terrain"": 71.0, ""nb_lignes"": 1}, {""date_mutation"": ""2023-01-31"", ""nature_mutation"": ""Vente"", ""valeur_fonciere"": 197000.0, ""surface_reelle_bati"": 55.0, ""nombre_pieces_principales"": 3.0, ""surface_terrain"": 71.0, ""nb_lignes"": 1}]"
13208,MARSEILLE 8EME,13008,"10 TRA DES MAMELUKS, 13008 MARSEILLE 8EME",844,P,71,132088440P0071,10.0,,TRA,DES MAMELUKS,45.0,2,2021-03-19,2022-04-08,385,1.05,316090.0,368600.0,7024.0,8191.0,16.6,15.7,"[{""date_mutation"": ""2021-03-19"", ""nature_mutation"": ""Vente"", ""valeur_fonciere"": 316090.0, ""surface_reelle_bati"": 45.0, ""nombre_pieces_principales"": 3.0, ""surface_terrain"": 35.0, ""nb_lignes"": 1}, {""date_mutation"": ""2022-04-08"", ""nature_mutation"": ""Vente"", ""valeur_fonciere"": 368600.0, ""surface_reelle_bati"": 45.0, ""nombre_pieces_principales"": 3.0, ""surface_terrain"": 35.0, ""nb_lignes"": 1}]"
13214,MARSEILLE 14EME,13014,"5001 F RUE EDOUARD CALVET, 13014 MARSEILLE 14EME",890,C,241,132148900C0241,5001.0,F,RUE,EDOUARD CALVET,94.0,2,2021-08-05,2022-04-28,266,0.73,270000.0,300000.0,2872.0,3191.0,11.1,15.6,"[{""date_mutation"": ""2021-08-05"", ""nature_mutation"": ""Vente"", ""valeur_fonciere"": 270000.0, ""surface_reelle_bati"": 94.0, ""nombre_pieces_principales"": 4.0, ""surface_terrain"": 470.0, ""nb_lignes"": 1}, {""date_mutation"": ""2022-04-28"", ""nature_mutation"": ""Vente"", ""valeur_fonciere"": 300000.0, ""surface_reelle_bati"": 94.0, ""nombre_pieces_principales"": 4.0, ""surface_terrain"": 470.0, ""nb_lignes"": 1}]"
13211,MARSEILLE 11EME,13011,"5193 F RTE DE LA TREILLE, 13011 MARSEILLE 11EME",863,P,193,132118630P0193,5193.0,F,RTE,DE LA TREILLE,117.0,2,2021-09-20,2024-07-11,1025,2.81,452200.0,675600.0,3865.0,5774.0,49.4,15.4,"[{""date_mutation"": ""2021-09-20"", ""nature_mutation"": ""Vente"", ""valeur_fonciere"": 452200.0, ""surface_reelle_bati"": 117.0, ""nombre_pieces_principales"": 5.0, ""surface_terrain"": 973.0, ""nb_lignes"": 1}, {""date_mutation"": ""2024-07-11"", ""nature_mutation"": ""Vente"", ""valeur_fonciere"": 675600.0, ""surface_reelle_bati"": 117.0, ""nombre_pieces_principales"": 5.0, ""surface_terrain"": 973.0, ""nb_lignes"": 1}]"
13210,MARSEILLE 10EME,13010,"40 BD DE L OCTROI, 13010 MARSEILLE 10EME",858,L,23,132108580L0023,40.0,,BD,DE L OCTROI,59.0,2,2021-05-18,2023-06-02,745,2.04,150000.0,200000.0,2542.0,3390.0,33.3,15.1,"[{""date_mutation"": ""2021-05-18"", ""nature_mutation"": ""Vente"", ""valeur_fonciere"": 150000.0, ""surface_reelle_bati"": 59.0, ""nombre_pieces_principales"": 1.0, ""surface_terrain"": 383.0, ""nb_lignes"": 1}, {""date_mutation"": ""2023-06-02"", ""nature_mutation"": ""Vente"", ""valeur_fonciere"": 200000.0, ""surface_reelle_bati"": 59.0, ""nombre_pieces_principales"": 1.0, ""surface_terrain"": 383.0, ""nb_lignes"": 1}]"
13215,MARSEILLE 15EME,13015,"8 BD PROSPERI, 13015 MARSEILLE 15EME",903,E,44,132159030E0044,8.0,,BD,PROSPERI,46.0,2,2020-08-26,2023-10-27,1157,3.17,203000.0,315380.0,4413.0,6856.0,55.4,14.9,"[{""date_mutation"": ""2020-08-26"", ""nature_mutation"": ""Vente"", ""valeur_fonciere"": 203000.0, ""surface_reelle_bati"": 46.0, ""nombre_pieces_principales"": 3.0, ""surface_terrain"": 472.0, ""nb_lignes"": 1}, {""date_mutation"": ""2023-10-27"", ""nature_mutation"": ""Vente"", ""valeur_fonciere"": 315380.0, ""surface_reelle_bati"": 46.0, ""nombre_pieces_principales"": 3.0, ""surface_terrain"": 472.0, ""nb_lignes"": 1}]"
13212,MARSEILLE 12EME,13012,"7 BD BAOUME LAUGIERE, 13012 MARSEILLE 12EME",875,T,49,132128750T0049,7.0,,BD,BAOUME LAUGIERE,58.0,2,2021-02-11,2022-01-19,342,0.94,540000.0,615000.0,9310.0,10603.0,13.9,14.9,"[{""date_mutation"": ""2021-02-11"", ""nature_mutation"": ""Vente"", ""valeur_fonciere"": 540000.0, ""surface_reelle_bati"": 58.0, ""nombre_pieces_principales"": 3.0, ""surface_terrain"": 293.0, ""nb_lignes"": 1}, {""date_mutation"": ""2022-01-19"", ""nature_mutation"": ""Vente"", ""valeur_fonciere"": 615000.0, ""surface_reelle_bati"": 58.0, ""nombre_pieces_principales"": 3.0, ""surface_terrain"": 293.0, ""nb_lignes"": 1}]"
13213,MARSEILLE 13EME,13013,"84 AV SAINT-JEROME, 13013 MARSEILLE 13EME",887,B,125,132138870B0125,84.0,,AV,SAINT-JEROME,130.0,2,2021-02-15,2023-04-14,788,2.16,390000.0,525000.0,3000.0,4038.0,34.6,14.8,"[{""date_mutation"": ""2021-02-15"", ""nature_mutation"": ""Vente"", ""valeur_fonciere"": 390000.0, ""surface_reelle_bati"": 130.0, ""nombre_pieces_principales"": 6.0, ""surface_terrain"": null, ""nb_lignes"": 1}, {""date_mutation"": ""2023-04-14"", ""nature_mutation"": ""Vente"", ""valeur_fonciere"": 525000.0, ""surface_reelle_bati"": 130.0, ""nombre_pieces_principales"": 6.0, ""surface_terrain"": null, ""nb_lignes"": 1}]"
13208,MARSEILLE 8EME,13008,"17 BD BARRAL, 13008 MARSEILLE 8EME",844,P,44,132088440P0044,17.0,,BD,BARRAL,79.0,2,2022-05-17,2024-12-13,941,2.58,499000.0,700000.0,6316.0,8861.0,40.3,14.0,"[{""date_mutation"": ""2022-05-17"", ""nature_mutation"": ""Vente"", ""valeur_fonciere"": 499000.0, ""surface_reelle_bati"": 79.0, ""nombre_pieces_principales"": 4.0, ""surface_terrain"": 268.0, ""nb_lignes"": 1}, {""date_mutation"": ""2024-12-13"", ""nature_mutation"": ""Vente"", ""valeur_fonciere"": 700000.0, ""surface_reelle_bati"": 79.0, ""nombre_pieces_principales"": 4.0, ""surface_terrain"": 268.0, ""nb_lignes"": 1}]"
13208,MARSEILLE 8EME,13008,"1 IMP MOUILLAS, 13008 MARSEILLE 8EME",845,L,27,132088450L0027,1.0,,IMP,MOUILLAS,69.0,2,2020-10-29,2024-02-06,1195,3.27,475300.0,729000.0,6888.0,10565.0,53.4,14.0,"[{""date_mutation"": ""2020-10-29"", ""nature_mutation"": ""Vente"", ""valeur_fonciere"": 475300.0, ""surface_reelle_bati"": 69.0, ""nombre_pieces_principales"": 4.0, ""surface_terrain"": 269.0, ""nb_lignes"": 1}, {""date_mutation"": ""2024-02-06"", ""nature_mutation"": ""Vente"", ""valeur_fonciere"": 729000.0, ""surface_reelle_bati"": 69.0, ""nombre_pieces_principales"": 4.0, ""surface_terrain"": 269.0, ""nb_lignes"": 1}]"
13203,MARSEILLE 3EME,13003,"53 RUE FRANCOIS BARBINI, 13003 MARSEILLE 3EME",813,E,11,132038130E0011,53.0,,RUE,FRANCOIS BARBINI,112.0,2,2022-08-12,2023-11-30,475,1.3,232400.0,275000.0,2075.0,2455.0,18.3,13.8,"[{""date_mutation"": ""2022-08-12"", ""nature_mutation"": ""Vente"", ""valeur_fonciere"": 232400.0, ""surface_reelle_bati"": 112.0, ""nombre_pieces_principales"": 6.0, ""surface_terrain"": 116.0, ""nb_lignes"": 1}, {""date_mutation"": ""2023-11-30"", ""nature_mutation"": ""Vente"", ""valeur_fonciere"": 275000.0, ""surface_reelle_bati"": 112.0, ""nombre_pieces_principales"": 6.0, ""surface_terrain"": 116.0, ""nb_lignes"": 1}]"
13207,MARSEILLE 7EME,13007,"24 RUE SABATER, 13007 MARSEILLE 7EME",833,D,300,132078330D0300,24.0,,RUE,SABATER,125.0,2,2020-10-30,2023-03-20,871,2.38,1030000.0,1400000.0,8240.0,11200.0,35.9,13.7,"[{""date_mutation"": ""2020-10-30"", ""nature_mutation"": ""Vente"", ""valeur_fonciere"": 1030000.0, ""surface_reelle_bati"": 125.0, ""nombre_pieces_principales"": 4.0, ""surface_terrain"": 370.0, ""nb_lignes"": 1}, {""date_mutation"": ""2023-03-20"", ""nature_mutation"": ""Vente"", ""valeur_fonciere"": 1400000.0, ""surface_reelle_bati"": 125.0, ""nombre_pieces_principales"": 4.0, ""surface_terrain"": 370.0, ""nb_lignes"": 1}]"
13209,MARSEILLE 9EME,13009,"22 CHE DES CHALETS, 13009 MARSEILLE 9EME",850,D,72,132098500D0072,22.0,,CHE,DES CHALETS,143.0,2,2020-07-22,2022-07-04,712,1.95,790070.0,1014950.0,5525.0,7098.0,28.5,13.7,"[{""date_mutation"": ""2020-07-22"", ""nature_mutation"": ""Vente"", ""valeur_fonciere"": 790070.0, ""surface_reelle_bati"": 143.0, ""nombre_pieces_principales"": 5.0, ""surface_terrain"": 854.0, ""nb_lignes"": 1}, {""date_mutation"": ""2022-07-04"", ""nature_mutation"": ""Vente"", ""valeur_fonciere"": 1014950.0, ""surface_reelle_bati"": 143.0, ""nombre_pieces_principales"": 5.0, ""surface_terrain"": 854.0, ""nb_lignes"": 1}]"
13213,MARSEILLE 13EME,13013,"18 AV DE LA CROIX ROUGE, 13013 MARSEILLE 13EME",886,C,8,132138860C0008,18.0,,AV,DE LA CROIX ROUGE,130.0,2,2020-07-08,2022-12-19,894,2.45,241000.0,330000.0,1854.0,2538.0,36.9,13.7,"[{""date_mutation"": ""2020-07-08"", ""nature_mutation"": ""Vente"", ""valeur_fonciere"": 241000.0, ""surface_reelle_bati"": 130.0, ""nombre_pieces_principales"": 7.0, ""surface_terrain"": 367.0, ""nb_lignes"": 1}, {""date_mutation"": ""2022-12-19"", ""nature_mutation"": ""Vente"", ""valeur_fonciere"": 330000.0, ""surface_reelle_bati"": 130.0, ""nombre_pieces_principales"": 7.0, ""surface_terrain"": 367.0, ""nb_lignes"": 1}]"
13210,MARSEILLE 10EME,13010,"161 RUE FRANCOIS MAURIAC, 13010 MARSEILLE 10EME",859,H,51,132108590H0051,161.0,,RUE,FRANCOIS MAURIAC,100.0,2,2021-12-30,2024-07-26,939,2.57,545000.0,755000.0,5450.0,7550.0,38.5,13.5,"[{""date_mutation"": ""2021-12-30"", ""nature_mutation"": ""Vente"", ""valeur_fonciere"": 545000.0, ""surface_reelle_bati"": 100.0, ""nombre_pieces_principales"": 4.0, ""surface_terrain"": 338.0, ""nb_lignes"": 1}, {""date_mutation"": ""2024-07-26"", ""nature_mutation"": ""Vente"", ""valeur_fonciere"": 755000.0, ""surface_reelle_bati"": 100.0, ""nombre_pieces_principales"": 4.0, ""surface_terrain"": 338.0, ""nb_lignes"": 1}]"
13213,MARSEILLE 13EME,13013,"42 AV DE FUVEAU, 13013 MARSEILLE 13EME",887,C,6,132138870C0006,42.0,,AV,DE FUVEAU,64.0,2,2020-10-06,2024-02-27,1239,3.39,225000.0,345000.0,3516.0,5391.0,53.3,13.4,"[{""date_mutation"": ""2020-10-06"", ""nature_mutation"": ""Vente"", ""valeur_fonciere"": 225000.0, ""surface_reelle_bati"": 64.0, ""nombre_pieces_principales"": 3.0, ""surface_terrain"": 324.0, ""nb_lignes"": 1}, {""date_mutation"": ""2024-02-27"", ""nature_mutation"": ""Vente"", ""valeur_fonciere"": 345000.0, ""surface_reelle_bati"": 64.0, ""nombre_pieces_principales"": 3.0, ""surface_terrain"": 324.0, ""nb_lignes"": 1}]"
13211,MARSEILLE 11EME,13011,"69 F CHE DE LA PAGEOTTE, 13011 MARSEILLE 11EME",864,B,508,132118640B0508,69.0,F,CHE,DE LA PAGEOTTE,135.0,2,2022-10-06,2025-06-13,981,2.69,880000.0,1234000.0,6519.0,9141.0,40.2,13.4,"[{""date_mutation"": ""2022-10-06"", ""nature_mutation"": ""Vente"", ""valeur_fonciere"": 880000.0, ""surface_reelle_bati"": 135.0, ""nombre_pieces_principales"": 4.0, ""surface_terrain"": 636.0, ""nb_lignes"": 1}, {""date_mutation"": ""2025-06-13"", ""nature_mutation"": ""Vente"", ""valeur_fonciere"": 1234000.0, ""surface_reelle_bati"": 135.0, ""nombre_pieces_principales"": 4.0, ""surface_terrain"": 636.0, ""nb_lignes"": 1}]"
13212,MARSEILLE 12EME,13012,"9 BD DE L INDEPENDANCE, 13012 MARSEILLE 12EME",874,Y,83,132128740Y0083,9.0,,BD,DE L INDEPENDANCE,72.0,2,2021-08-31,2025-01-17,1235,3.38,420000.0,640000.0,5833.0,8889.0,52.4,13.3,"[{""date_mutation"": ""2021-08-31"", ""nature_mutation"": ""Vente"", ""valeur_fonciere"": 420000.0, ""surface_reelle_bati"": 72.0, ""nombre_pieces_principales"": 4.0, ""surface_terrain"": 359.0, ""nb_lignes"": 1}, {""date_mutation"": ""2025-01-17"", ""nature_mutation"": ""Vente"", ""valeur_fonciere"": 640000.0, ""surface_reelle_bati"": 72.0, ""nombre_pieces_principales"": 4.0, ""surface_terrain"": 359.0, ""nb_lignes"": 1}]"
13212,MARSEILLE 12EME,13012,"15 BD DE LA CABANE, 13012 MARSEILLE 12EME",877,Z,68,132128770Z0068,15.0,,BD,DE LA CABANE,196.0,2,2021-05-07,2023-12-14,951,2.6,1065000.0,1460050.0,5434.0,7449.0,37.1,12.9,"[{""date_mutation"": ""2021-05-07"", ""nature_mutation"": ""Vente"", ""valeur_fonciere"": 1065000.0, ""surface_reelle_bati"": 196.0, ""nombre_pieces_principales"": 4.0, ""surface_terrain"": 704.0, ""nb_lignes"": 2}, {""date_mutation"": ""2023-12-14"", ""nature_mutation"": ""Vente"", ""valeur_fonciere"": 1460050.0, ""surface_reelle_bati"": 196.0, ""nombre_pieces_principales"": 4.0, ""surface_terrain"": 704.0, ""nb_lignes"": 2}]"
13214,MARSEILLE 14EME,13014,"13 RUE SAINT-ANDRE, 13014 MARSEILLE 14EME",891,H,215,132148910H0215,13.0,,RUE,SAINT-ANDRE,49.0,2,2020-07-29,2023-12-22,1241,3.4,70000.0,105000.0,1429.0,2143.0,50.0,12.7,"[{""date_mutation"": ""2020-07-29"", ""nature_mutation"": ""Vente"", ""valeur_fonciere"": 70000.0, ""surface_reelle_bati"": 49.0, ""nombre_pieces_principales"": 2.0, ""surface_terrain"": 123.0, ""nb_lignes"": 1}, {""date_mutation"": ""2023-12-22"", ""nature_mutation"": ""Vente"", ""valeur_fonciere"": 105000.0, ""surface_reelle_bati"": 49.0, ""nombre_pieces_principales"": 2.0, ""surface_terrain"": 123.0, ""nb_lignes"": 1}]"
13212,MARSEILLE 12EME,13012,"22 B TRA DES PLATRIERES, 13012 MARSEILLE 12EME",877,P,11,132128770P0011,22.0,B,TRA,DES PLATRIERES,70.0,2,2020-10-29,2022-07-12,621,1.7,465500.0,567500.0,6650.0,8107.0,21.9,12.4,"[{""date_mutation"": ""2020-10-29"", ""nature_mutation"": ""Vente"", ""valeur_fonciere"": 465500.0, ""surface_reelle_bati"": 70.0, ""nombre_pieces_principales"": 4.0, ""surface_terrain"": 598.0, ""nb_lignes"": 1}, {""date_mutation"": ""2022-07-12"", ""nature_mutation"": ""Vente"", ""valeur_fonciere"": 567500.0, ""surface_reelle_bati"": 70.0, ""nombre_pieces_principales"": 4.0, ""surface_terrain"": 598.0, ""nb_lignes"": 1}]"
13212,MARSEILLE 12EME,13012,"79 BD SYLVESTRE, 13012 MARSEILLE 12EME",872,H,12,132128720H0012,79.0,,BD,SYLVESTRE,74.0,2,2021-09-27,2025-01-06,1197,3.28,330000.0,479009.0,4459.0,6473.0,45.2,12.0,"[{""date_mutation"": ""2021-09-27"", ""nature_mutation"": ""Vente"", ""valeur_fonciere"": 330000.0, ""surface_reelle_bati"": 74.0, ""nombre_pieces_principales"": 3.0, ""surface_terrain"": 306.0, ""nb_lignes"": 1}, {""date_mutation"": ""2025-01-06"", ""nature_mutation"": ""Vente"", ""valeur_fonciere"": 479009.0, ""surface_reelle_bati"": 74.0, ""nombre_pieces_principales"": 3.0, ""surface_terrain"": 306.0, ""nb_lignes"": 1}]"
13207,MARSEILLE 7EME,13007,"25 RUE DE LA GORGE, 13007 MARSEILLE 7EME",834,D,126,132078340D0126,25.0,,RUE,DE LA GORGE,52.0,2,2022-10-11,2024-12-05,786,2.15,370000.0,470000.0,7115.0,9038.0,27.0,11.8,"[{""date_mutation"": ""2022-10-11"", ""nature_mutation"": ""Vente"", ""valeur_fonciere"": 370000.0, ""surface_reelle_bati"": 52.0, ""nombre_pieces_principales"": 3.0, ""surface_terrain"": 164.0, ""nb_lignes"": 1}, {""date_mutation"": ""2024-12-05"", ""nature_mutation"": ""Vente"", ""valeur_fonciere"": 470000.0, ""surface_reelle_bati"": 52.0, ""nombre_pieces_principales"": 3.0, ""surface_terrain"": 164.0, ""nb_lignes"": 1}]"
13216,MARSEILLE 16EME,13016,"17 TRA DU CHARRON, 13016 MARSEILLE 16EME",908,H,17,132169080H0017,17.0,,TRA,DU CHARRON,51.0,2,2020-07-06,2021-10-08,459,1.26,240000.0,275750.0,4706.0,5407.0,14.9,11.7,"[{""date_mutation"": ""2020-07-06"", ""nature_mutation"": ""Vente"", ""valeur_fonciere"": 240000.0, ""surface_reelle_bati"": 51.0, ""nombre_pieces_principales"": 3.0, ""surface_terrain"": 126.0, ""nb_lignes"": 1}, {""date_mutation"": ""2021-10-08"", ""nature_mutation"": ""Vente"", ""valeur_fonciere"": 275750.0, ""surface_reelle_bati"": 51.0, ""nombre_pieces_principales"": 3.0, ""surface_terrain"": 126.0, ""nb_lignes"": 1}]"
13207,MARSEILLE 7EME,13007,"7 B CHE DE LA BATTERIE DU ROUCAS, 13007 MARSEILLE 7EME",833,K,221,132078330K0221,7.0,B,CHE,DE LA BATTERIE DU ROUCAS,175.0,2,2021-04-20,2024-09-03,1232,3.37,1600000.0,2320000.0,9143.0,13257.0,45.0,11.6,"[{""date_mutation"": ""2021-04-20"", ""nature_mutation"": ""Vente"", ""valeur_fonciere"": 1600000.0, ""surface_reelle_bati"": 175.0, ""nombre_pieces_principales"": 5.0, ""surface_terrain"": 406.0, ""nb_lignes"": 1}, {""date_mutation"": ""2024-09-03"", ""nature_mutation"": ""Vente"", ""valeur_fonciere"": 2320000.0, ""surface_reelle_bati"": 175.0, ""nombre_pieces_principales"": 5.0, ""surface_terrain"": 406.0, ""nb_lignes"": 1}]"
13212,MARSEILLE 12EME,13012,"8 IMP BONNIOT, 13012 MARSEILLE 12EME",877,S,110,132128770S0110,8.0,,IMP,BONNIOT,51.0,2,2020-10-29,2023-02-02,826,2.26,399000.0,511850.0,7824.0,10036.0,28.3,11.6,"[{""date_mutation"": ""2020-10-29"", ""nature_mutation"": ""Vente"", ""valeur_fonciere"": 399000.0, ""surface_reelle_bati"": 51.0, ""nombre_pieces_principales"": 2.0, ""surface_terrain"": 122.0, ""nb_lignes"": 1}, {""date_mutation"": ""2023-02-02"", ""nature_mutation"": ""Vente"", ""valeur_fonciere"": 511850.0, ""surface_reelle_bati"": 51.0, ""nombre_pieces_principales"": 2.0, ""surface_terrain"": 122.0, ""nb_lignes"": 1}]"
13203,MARSEILLE 3EME,13003,"13 RUE SAINTE-VICTORINE, 13003 MARSEILLE 3EME",813,E,129,132038130E0129,13.0,,RUE,SAINTE-VICTORINE,70.0,2,2021-05-07,2024-07-25,1175,3.22,186000.0,265000.0,2657.0,3786.0,42.5,11.6,"[{""date_mutation"": ""2021-05-07"", ""nature_mutation"": ""Vente"", ""valeur_fonciere"": 186000.0, ""surface_reelle_bati"": 70.0, ""nombre_pieces_principales"": 3.0, ""surface_terrain"": 79.0, ""nb_lignes"": 1}, {""date_mutation"": ""2024-07-25"", ""nature_mutation"": ""Vente"", ""valeur_fonciere"": 265000.0, ""surface_reelle_bati"": 70.0, ""nombre_pieces_principales"": 3.0, ""surface_terrain"": 79.0, ""nb_lignes"": 1}]"
13210,MARSEILLE 10EME,13010,"139 RUE PIERRE DOIZE, 13010 MARSEILLE 10EME",858,N,46,132108580N0046,139.0,,RUE,PIERRE DOIZE,48.0,2,2022-02-10,2024-09-24,957,2.62,167000.0,221000.0,3479.0,4604.0,32.3,11.3,"[{""date_mutation"": ""2022-02-10"", ""nature_mutation"": ""Vente"", ""valeur_fonciere"": 167000.0, ""surface_reelle_bati"": 48.0, ""nombre_pieces_principales"": 2.0, ""surface_terrain"": 137.0, ""nb_lignes"": 1}, {""date_mutation"": ""2024-09-24"", ""nature_mutation"": ""Vente"", ""valeur_fonciere"": 221000.0, ""surface_reelle_bati"": 48.0, ""nombre_pieces_principales"": 2.0, ""surface_terrain"": 137.0, ""nb_lignes"": 1}]"
13215,MARSEILLE 15EME,13015,"6 BD PROSPERI, 13015 MARSEILLE 15EME",903,E,45,132159030E0045,6.0,,BD,PROSPERI,82.0,2,2021-04-30,2024-09-19,1238,3.39,290000.0,415800.0,3537.0,5071.0,43.4,11.2,"[{""date_mutation"": ""2021-04-30"", ""nature_mutation"": ""Vente"", ""valeur_fonciere"": 290000.0, ""surface_reelle_bati"": 82.0, ""nombre_pieces_principales"": 4.0, ""surface_terrain"": 534.0, ""nb_lignes"": 1}, {""date_mutation"": ""2024-09-19"", ""nature_mutation"": ""Vente"", ""valeur_fonciere"": 415800.0, ""surface_reelle_bati"": 82.0, ""nombre_pieces_principales"": 4.0, ""surface_terrain"": 534.0, ""nb_lignes"": 1}]"
13210,MARSEILLE 10EME,13010,"54 BD QUEIREL, 13010 MARSEILLE 10EME",858,K,147,132108580K0147,54.0,,BD,QUEIREL,67.0,2,2021-11-18,2025-01-24,1163,3.18,190000.0,266500.0,2836.0,3978.0,40.3,11.2,"[{""date_mutation"": ""2021-11-18"", ""nature_mutation"": ""Vente"", ""valeur_fonciere"": 190000.0, ""surface_reelle_bati"": 67.0, ""nombre_pieces_principales"": 3.0, ""surface_terrain"": 96.0, ""nb_lignes"": 1}, {""date_mutation"": ""2025-01-24"", ""nature_mutation"": ""Vente"", ""valeur_fonciere"": 266500.0, ""surface_reelle_bati"": 67.0, ""nombre_pieces_principales"": 3.0, ""surface_terrain"": 96.0, ""nb_lignes"": 1}]"
13209,MARSEILLE 9EME,13009,"13 AV DE LA GRANDE GORGE, 13009 MARSEILLE 9EME",850,C,249,132098500C0249,13.0,,AV,DE LA GRANDE GORGE,100.0,2,2020-10-06,2024-08-29,1423,3.9,500000.0,751200.0,5000.0,7512.0,50.2,11.0,"[{""date_mutation"": ""2020-10-06"", ""nature_mutation"": ""Vente"", ""valeur_fonciere"": 500000.0, ""surface_reelle_bati"": 100.0, ""nombre_pieces_principales"": 3.0, ""surface_terrain"": 614.0, ""nb_lignes"": 1}, {""date_mutation"": ""2024-08-29"", ""nature_mutation"": ""Vente"", ""valeur_fonciere"": 751200.0, ""surface_reelle_bati"": 100.0, ""nombre_pieces_principales"": 3.0, ""surface_terrain"": 614.0, ""nb_lignes"": 1}]"
13207,MARSEILLE 7EME,13007,"4 IMP AMEDEE AUTRAN, 13007 MARSEILLE 7EME",829,C,73,132078290C0073,4.0,,IMP,AMEDEE AUTRAN,93.0,2,2021-06-08,2024-12-19,1290,3.53,1050000.0,1510000.0,11290.0,16237.0,43.8,10.8,"[{""date_mutation"": ""2021-06-08"", ""nature_mutation"": ""Vente"", ""valeur_fonciere"": 1050000.0, ""surface_reelle_bati"": 93.0, ""nombre_pieces_principales"": 4.0, ""surface_terrain"": 233.0, ""nb_lignes"": 1}, {""date_mutation"": ""2024-12-19"", ""nature_mutation"": ""Vente"", ""valeur_fonciere"": 1510000.0, ""surface_reelle_bati"": 93.0, ""nombre_pieces_principales"": 4.0, ""surface_terrain"": 233.0, ""nb_lignes"": 1}]"
13212,MARSEILLE 12EME,13012,"16 IMP DE COURTRAI, 13012 MARSEILLE 12EME",877,AE,156,13212877AE0156,16.0,,IMP,DE COURTRAI,58.0,2,2021-03-15,2022-08-31,534,1.46,374100.0,434000.0,6450.0,7483.0,16.0,10.7,"[{""date_mutation"": ""2021-03-15"", ""nature_mutation"": ""Vente"", ""valeur_fonciere"": 374100.0, ""surface_reelle_bati"": 58.0, ""nombre_pieces_principales"": 3.0, ""surface_terrain"": 232.0, ""nb_lignes"": 1}, {""date_mutation"": ""2022-08-31"", ""nature_mutation"": ""Vente"", ""valeur_fonciere"": 434000.0, ""surface_reelle_bati"": 58.0, ""nombre_pieces_principales"": 3.0, ""surface_terrain"": 232.0, ""nb_lignes"": 1}]"
13208,MARSEILLE 8EME,13008,"11 RUE AUDEMAR TIBIDO, 13008 MARSEILLE 8EME",838,N,72,132088380N0072,11.0,,RUE,AUDEMAR TIBIDO,43.0,2,2021-09-01,2023-12-01,821,2.25,280000.0,351500.0,6512.0,8174.0,25.5,10.6,"[{""date_mutation"": ""2021-09-01"", ""nature_mutation"": ""Vente"", ""valeur_fonciere"": 280000.0, ""surface_reelle_bati"": 43.0, ""nombre_pieces_principales"": 3.0, ""surface_terrain"": 85.0, ""nb_lignes"": 1}, {""date_mutation"": ""2023-12-01"", ""nature_mutation"": ""Vente"", ""valeur_fonciere"": 351500.0, ""surface_reelle_bati"": 43.0, ""nombre_pieces_principales"": 3.0, ""surface_terrain"": 85.0, ""nb_lignes"": 1}]"
13215,MARSEILLE 15EME,13015,"5 IMP CAMPAGNE BOUSQUET, 13015 MARSEILLE 15EME",897,H,43,132158970H0043,5.0,,IMP,CAMPAGNE BOUSQUET,38.0,2,2020-10-02,2024-06-25,1362,3.73,103000.0,150000.0,2711.0,3947.0,45.6,10.6,"[{""date_mutation"": ""2020-10-02"", ""nature_mutation"": ""Vente"", ""valeur_fonciere"": 103000.0, ""surface_reelle_bati"": 38.0, ""nombre_pieces_principales"": 3.0, ""surface_terrain"": 38.0, ""nb_lignes"": 1}, {""date_mutation"": ""2024-06-25"", ""nature_mutation"": ""Vente"", ""valeur_fonciere"": 150000.0, ""surface_reelle_bati"": 38.0, ""nombre_pieces_principales"": 3.0, ""surface_terrain"": 38.0, ""nb_lignes"": 1}]"
13209,MARSEILLE 9EME,13009,"21 AV DES ROSIERS, 13009 MARSEILLE 9EME",846,A,13,132098460A0013,21.0,,AV,DES ROSIERS,55.0,2,2021-07-08,2023-02-01,573,1.57,358720.0,420100.0,6522.0,7638.0,17.1,10.6,"[{""date_mutation"": ""2021-07-08"", ""nature_mutation"": ""Vente"", ""valeur_fonciere"": 358720.0, ""surface_reelle_bati"": 55.0, ""nombre_pieces_principales"": 4.0, ""surface_terrain"": 216.0, ""nb_lignes"": 1}, {""date_mutation"": ""2023-02-01"", ""nature_mutation"": ""Vente"", ""valeur_fonciere"": 420100.0, ""surface_reelle_bati"": 55.0, ""nombre_pieces_principales"": 4.0, ""surface_terrain"": 216.0, ""nb_lignes"": 1}]"
13205,MARSEILLE 5EME,13005,"361 RUE SAINT-PIERRE, 13005 MARSEILLE 5EME",822,E,139,132058220E0139,361.0,,RUE,SAINT-PIERRE,73.0,2,2020-12-10,2023-09-27,1021,2.8,253300.0,335000.0,3470.0,4589.0,32.3,10.5,"[{""date_mutation"": ""2020-12-10"", ""nature_mutation"": ""Vente"", ""valeur_fonciere"": 253300.0, ""surface_reelle_bati"": 73.0, ""nombre_pieces_principales"": 4.0, ""surface_terrain"": 108.0, ""nb_lignes"": 1}, {""date_mutation"": ""2023-09-27"", ""nature_mutation"": ""Vente"", ""valeur_fonciere"": 335000.0, ""surface_reelle_bati"": 73.0, ""nombre_pieces_principales"": 4.0, ""surface_terrain"": 108.0, ""nb_lignes"": 1}]"
13209,MARSEILLE 9EME,13009,"187 BD DE SAINTE MARGUERITE, 13009 MARSEILLE 9EME",853,I,3,132098530I0003,187.0,,BD,DE SAINTE MARGUERITE,140.0,2,2022-10-21,2024-07-12,630,1.72,400000.0,475000.0,2857.0,3393.0,18.8,10.5,"[{""date_mutation"": ""2022-10-21"", ""nature_mutation"": ""Vente"", ""valeur_fonciere"": 400000.0, ""surface_reelle_bati"": 140.0, ""nombre_pieces_principales"": 5.0, ""surface_terrain"": 174.0, ""nb_lignes"": 1}, {""date_mutation"": ""2024-07-12"", ""nature_mutation"": ""Vente"", ""valeur_fonciere"": 475000.0, ""surface_reelle_bati"": 140.0, ""nombre_pieces_principales"": 5.0, ""surface_terrain"": 174.0, ""nb_lignes"": 1}]"
13209,MARSEILLE 9EME,13009,"64 BD DE L OCEAN, 13009 MARSEILLE 9EME",852,C,220,132098520C0220,64.0,,BD,DE L OCEAN,92.0,2,2024-04-22,2024-10-21,182,0.5,423000.0,444400.0,4598.0,4830.0,5.1,10.4,"[{""date_mutation"": ""2024-04-22"", ""nature_mutation"": ""Vente"", ""valeur_fonciere"": 423000.0, ""surface_reelle_bati"": 92.0, ""nombre_pieces_principales"": 5.0, ""surface_terrain"": null, ""nb_lignes"": 1}, {""date_mutation"": ""2024-10-21"", ""nature_mutation"": ""Vente"", ""valeur_fonciere"": 444400.0, ""surface_reelle_bati"": 92.0, ""nombre_pieces_principales"": 5.0, ""surface_terrain"": null, ""nb_lignes"": 1}]"
13207,MARSEILLE 7EME,13007,"87 BD BOMPARD, 13007 MARSEILLE 7EME",829,E,83,132078290E0083,87.0,,BD,BOMPARD,135.0,2,2020-10-01,2022-07-28,665,1.82,999400.0,1195950.0,7403.0,8859.0,19.7,10.4,"[{""date_mutation"": ""2020-10-01"", ""nature_mutation"": ""Vente"", ""valeur_fonciere"": 999400.0, ""surface_reelle_bati"": 135.0, ""nombre_pieces_principales"": 6.0, ""surface_terrain"": 129.0, ""nb_lignes"": 1}, {""date_mutation"": ""2022-07-28"", ""nature_mutation"": ""Vente"", ""valeur_fonciere"": 1195950.0, ""surface_reelle_bati"": 135.0, ""nombre_pieces_principales"": 6.0, ""surface_terrain"": 129.0, ""nb_lignes"": 1}]"
13209,MARSEILLE 9EME,13009,"180 RTE LEON LACHAMP, 13009 MARSEILLE 9EME",854,C,36,132098540C0036,180.0,,RTE,LEON LACHAMP,151.0,2,2020-12-21,2024-07-16,1303,3.57,445800.0,633000.0,2952.0,4192.0,42.0,10.3,"[{""date_mutation"": ""2020-12-21"", ""nature_mutation"": ""Vente"", ""valeur_fonciere"": 445800.0, ""surface_reelle_bati"": 151.0, ""nombre_pieces_principales"": 5.0, ""surface_terrain"": null, ""nb_lignes"": 1}, {""date_mutation"": ""2024-07-16"", ""nature_mutation"": ""Vente"", ""valeur_fonciere"": 633000.0, ""surface_reelle_bati"": 151.0, ""nombre_pieces_principales"": 5.0, ""surface_terrain"": null, ""nb_lignes"": 1}]"
13211,MARSEILLE 11EME,13011,"88 BD DES CIGALES, 13011 MARSEILLE 11EME",864,H,48,132118640H0048,88.0,,BD,DES CIGALES,160.0,2,2020-12-22,2024-09-06,1354,3.71,785300.0,1125000.0,4908.0,7031.0,43.3,10.2,"[{""date_mutation"": ""2020-12-22"", ""nature_mutation"": ""Vente"", ""valeur_fonciere"": 785300.0, ""surface_reelle_bati"": 160.0, ""nombre_pieces_principales"": 4.0, ""surface_terrain"": 724.0, ""nb_lignes"": 1}, {""date_mutation"": ""2024-09-06"", ""nature_mutation"": ""Vente"", ""valeur_fonciere"": 1125000.0, ""surface_reelle_bati"": 160.0, ""nombre_pieces_principales"": 4.0, ""surface_terrain"": 724.0, ""nb_lignes"": 1}]"
13216,MARSEILLE 16EME,13016,"7 TRA BRUNO RAZZOLI, 13016 MARSEILLE 16EME",911,I,18,132169110I0018,7.0,,TRA,BRUNO RAZZOLI,49.0,2,2020-10-21,2023-07-17,999,2.74,284200.0,369000.0,5800.0,7531.0,29.8,10.0,"[{""date_mutation"": ""2020-10-21"", ""nature_mutation"": ""Vente"", ""valeur_fonciere"": 284200.0, ""surface_reelle_bati"": 49.0, ""nombre_pieces_principales"": 3.0, ""surface_terrain"": 211.0, ""nb_lignes"": 1}, {""date_mutation"": ""2023-07-17"", ""nature_mutation"": ""Vente"", ""valeur_fonciere"": 369000.0, ""surface_reelle_bati"": 49.0, ""nombre_pieces_principales"": 3.0, ""surface_terrain"": 211.0, ""nb_lignes"": 1}]"
13209,MARSEILLE 9EME,13009,"5 TRA PASTRE, 13009 MARSEILLE 9EME",847,C,60,132098470C0060,5.0,,TRA,PASTRE,148.0,2,2020-07-27,2023-09-26,1156,3.16,915000.0,1230000.0,6182.0,8311.0,34.4,9.8,"[{""date_mutation"": ""2020-07-27"", ""nature_mutation"": ""Vente"", ""valeur_fonciere"": 915000.0, ""surface_reelle_bati"": 148.0, ""nombre_pieces_principales"": 4.0, ""surface_terrain"": 846.0, ""nb_lignes"": 1}, {""date_mutation"": ""2023-09-26"", ""nature_mutation"": ""Vente"", ""valeur_fonciere"": 1230000.0, ""surface_reelle_bati"": 148.0, ""nombre_pieces_principales"": 4.0, ""surface_terrain"": 846.0, ""nb_lignes"": 1}]"
13210,MARSEILLE 10EME,13010,"54 A TRA CHANTE PERDRIX, 13010 MARSEILLE 10EME",858,P,163,132108580P0163,54.0,A,TRA,CHANTE PERDRIX,112.0,2,2021-03-15,2024-03-05,1086,2.97,422100.0,556000.0,3769.0,4964.0,31.7,9.7,"[{""date_mutation"": ""2021-03-15"", ""nature_mutation"": ""Vente"", ""valeur_fonciere"": 422100.0, ""surface_reelle_bati"": 112.0, ""nombre_pieces_principales"": 5.0, ""surface_terrain"": 452.0, ""nb_lignes"": 1}, {""date_mutation"": ""2024-03-05"", ""nature_mutation"": ""Vente"", ""valeur_fonciere"": 556000.0, ""surface_reelle_bati"": 112.0, ""nombre_pieces_principales"": 5.0, ""surface_terrain"": 452.0, ""nb_lignes"": 1}]"
13208,MARSEILLE 8EME,13008,"24 BD CHANCEL, 13008 MARSEILLE 8EME",841,I,38,132088410I0038,24.0,,BD,CHANCEL,412.0,2,2023-01-19,2024-11-08,659,1.8,2200000.0,2600000.0,5340.0,6311.0,18.2,9.7,"[{""date_mutation"": ""2023-01-19"", ""nature_mutation"": ""Vente"", ""valeur_fonciere"": 2200000.0, ""surface_reelle_bati"": 412.0, ""nombre_pieces_principales"": 5.0, ""surface_terrain"": 484.0, ""nb_lignes"": 4}, {""date_mutation"": ""2024-11-08"", ""nature_mutation"": ""Vente"", ""valeur_fonciere"": 2600000.0, ""surface_reelle_bati"": 412.0, ""nombre_pieces_principales"": 5.0, ""surface_terrain"": 484.0, ""nb_lignes"": 4}]"
13215,MARSEILLE 15EME,13015,"51 AV MARIUS BREMOND, 13015 MARSEILLE 15EME",906,E,147,132159060E0147,51.0,,AV,MARIUS BREMOND,123.0,2,2020-07-29,2022-12-22,876,2.4,335050.0,418000.0,2724.0,3398.0,24.8,9.7,"[{""date_mutation"": ""2020-07-29"", ""nature_mutation"": ""Vente"", ""valeur_fonciere"": 335050.0, ""surface_reelle_bati"": 123.0, ""nombre_pieces_principales"": 5.0, ""surface_terrain"": 425.0, ""nb_lignes"": 1}, {""date_mutation"": ""2022-12-22"", ""nature_mutation"": ""Vente"", ""valeur_fonciere"": 418000.0, ""surface_reelle_bati"": 123.0, ""nombre_pieces_principales"": 5.0, ""surface_terrain"": 425.0, ""nb_lignes"": 1}]"
13212,MARSEILLE 12EME,13012,"31 BD DE LA FOURRAGERE, 13012 MARSEILLE 12EME",873,H,44,132128730H0044,31.0,,BD,DE LA FOURRAGERE,62.0,2,2021-04-15,2024-01-19,1009,2.76,310000.0,398000.0,5000.0,6419.0,28.4,9.5,"[{""date_mutation"": ""2021-04-15"", ""nature_mutation"": ""Vente"", ""valeur_fonciere"": 310000.0, ""surface_reelle_bati"": 62.0, ""nombre_pieces_principales"": 2.0, ""surface_terrain"": 190.0, ""nb_lignes"": 1}, {""date_mutation"": ""2024-01-19"", ""nature_mutation"": ""Vente"", ""valeur_fonciere"": 398000.0, ""surface_reelle_bati"": 62.0, ""nombre_pieces_principales"": 2.0, ""surface_terrain"": 190.0, ""nb_lignes"": 1}]"
13208,MARSEILLE 8EME,13008,"45 AV DES GOUMIERS, 13008 MARSEILLE 8EME",845,A,31,132088450A0031,45.0,,AV,DES GOUMIERS,32.0,2,2020-08-10,2023-07-25,1079,2.95,336000.0,436000.0,10500.0,13625.0,29.8,9.2,"[{""date_mutation"": ""2020-08-10"", ""nature_mutation"": ""Vente"", ""valeur_fonciere"": 336000.0, ""surface_reelle_bati"": 32.0, ""nombre_pieces_principales"": 4.0, ""surface_terrain"": 62.0, ""nb_lignes"": 1}, {""date_mutation"": ""2023-07-25"", ""nature_mutation"": ""Vente"", ""valeur_fonciere"": 436000.0, ""surface_reelle_bati"": 32.0, ""nombre_pieces_principales"": 4.0, ""surface_terrain"": 62.0, ""nb_lignes"": 1}]"
13214,MARSEILLE 14EME,13014,"7 LOT LE DOMAINE DES OLIVIERS, 13014 MARSEILLE 14EME",896,N,87,132148960N0087,7.0,,LOT,LE DOMAINE DES OLIVIERS,90.0,2,2020-08-10,2023-01-30,903,2.47,335000.0,415000.0,3722.0,4611.0,23.9,9.0,"[{""date_mutation"": ""2020-08-10"", ""nature_mutation"": ""Vente"", ""valeur_fonciere"": 335000.0, ""surface_reelle_bati"": 90.0, ""nombre_pieces_principales"": 3.0, ""surface_terrain"": 397.0, ""nb_lignes"": 1}, {""date_mutation"": ""2023-01-30"", ""nature_mutation"": ""Vente"", ""valeur_fonciere"": 415000.0, ""surface_reelle_bati"": 90.0, ""nombre_pieces_principales"": 3.0, ""surface_terrain"": 397.0, ""nb_lignes"": 1}]"
13204,MARSEILLE 4EME,13004,"10 IMP OLIVETTES, 13004 MARSEILLE 4EME",815,A,44,132048150A0044,10.0,,IMP,OLIVETTES,18.0,2,2021-01-29,2023-08-29,942,2.58,63000.0,78700.0,3500.0,4372.0,24.9,9.0,"[{""date_mutation"": ""2021-01-29"", ""nature_mutation"": ""Vente"", ""valeur_fonciere"": 63000.0, ""surface_reelle_bati"": 18.0, ""nombre_pieces_principales"": 1.0, ""surface_terrain"": null, ""nb_lignes"": 1}, {""date_mutation"": ""2023-08-29"", ""nature_mutation"": ""Vente"", ""valeur_fonciere"": 78700.0, ""surface_reelle_bati"": 18.0, ""nombre_pieces_principales"": 1.0, ""surface_terrain"": null, ""nb_lignes"": 1}]"
13209,MARSEILLE 9EME,13009,"134 BD DE SAINTE MARGUERITE, 13009 MARSEILLE 9EME",853,U,105,132098530U0105,134.0,,BD,DE SAINTE MARGUERITE,53.0,2,2021-11-15,2022-11-21,371,1.02,364000.0,397000.0,6868.0,7491.0,9.1,8.9,"[{""date_mutation"": ""2021-11-15"", ""nature_mutation"": ""Vente"", ""valeur_fonciere"": 364000.0, ""surface_reelle_bati"": 53.0, ""nombre_pieces_principales"": 2.0, ""surface_terrain"": 388.0, ""nb_lignes"": 1}, {""date_mutation"": ""2022-11-21"", ""nature_mutation"": ""Vente"", ""valeur_fonciere"": 397000.0, ""surface_reelle_bati"": 53.0, ""nombre_pieces_principales"": 2.0, ""surface_terrain"": 388.0, ""nb_lignes"": 1}]"
13215,MARSEILLE 15EME,13015,"8 TSSE DE LA BATTERIE, 13015 MARSEILLE 15EME",903,A,721,132159030A0721,8.0,,TSSE,DE LA BATTERIE,95.0,2,2023-03-13,2025-04-18,767,2.1,361000.0,431200.0,3800.0,4539.0,19.4,8.8,"[{""date_mutation"": ""2023-03-13"", ""nature_mutation"": ""Vente"", ""valeur_fonciere"": 361000.0, ""surface_reelle_bati"": 95.0, ""nombre_pieces_principales"": 4.0, ""surface_terrain"": 401.0, ""nb_lignes"": 1}, {""date_mutation"": ""2025-04-18"", ""nature_mutation"": ""Vente"", ""valeur_fonciere"": 431200.0, ""surface_reelle_bati"": 95.0, ""nombre_pieces_principales"": 4.0, ""surface_terrain"": 401.0, ""nb_lignes"": 1}]"
13204,MARSEILLE 4EME,13004,"7 BD JEAN-BAPTISTE IVALDI, 13004 MARSEILLE 4EME",817,C,138,132048170C0138,7.0,,BD,JEAN-BAPTISTE IVALDI,70.0,2,2021-01-08,2024-07-23,1292,3.54,399000.0,530000.0,5700.0,7571.0,32.8,8.4,"[{""date_mutation"": ""2021-01-08"", ""nature_mutation"": ""Vente"", ""valeur_fonciere"": 399000.0, ""surface_reelle_bati"": 70.0, ""nombre_pieces_principales"": 3.0, ""surface_terrain"": 178.0, ""nb_lignes"": 1}, {""date_mutation"": ""2024-07-23"", ""nature_mutation"": ""Vente"", ""valeur_fonciere"": 530000.0, ""surface_reelle_bati"": 70.0, ""nombre_pieces_principales"": 3.0, ""surface_terrain"": 178.0, ""nb_lignes"": 1}]"
13212,MARSEILLE 12EME,13012,"55 BD TRISTAN CORBIERE, 13012 MARSEILLE 12EME",874,B,169,132128740B0169,55.0,,BD,TRISTAN CORBIERE,115.0,2,2023-09-14,2025-04-25,589,1.61,670500.0,760500.0,5830.0,6613.0,13.4,8.1,"[{""date_mutation"": ""2023-09-14"", ""nature_mutation"": ""Vente"", ""valeur_fonciere"": 670500.0, ""surface_reelle_bati"": 115.0, ""nombre_pieces_principales"": 5.0, ""surface_terrain"": 403.0, ""nb_lignes"": 1}, {""date_mutation"": ""2025-04-25"", ""nature_mutation"": ""Vente"", ""valeur_fonciere"": 760500.0, ""surface_reelle_bati"": 115.0, ""nombre_pieces_principales"": 5.0, ""surface_terrain"": 403.0, ""nb_lignes"": 1}]"
13215,MARSEILLE 15EME,13015,"167 TRA DE LA VISTE, 13015 MARSEILLE 15EME",907,H,107,132159070H0107,167.0,,TRA,DE LA VISTE,98.0,2,2022-07-18,2025-04-04,991,2.71,180000.0,222000.0,1837.0,2265.0,23.3,8.0,"[{""date_mutation"": ""2022-07-18"", ""nature_mutation"": ""Vente"", ""valeur_fonciere"": 180000.0, ""surface_reelle_bati"": 98.0, ""nombre_pieces_principales"": 3.0, ""surface_terrain"": 349.0, ""nb_lignes"": 1}, {""date_mutation"": ""2025-04-04"", ""nature_mutation"": ""Vente"", ""valeur_fonciere"": 222000.0, ""surface_reelle_bati"": 98.0, ""nombre_pieces_principales"": 3.0, ""surface_terrain"": 349.0, ""nb_lignes"": 1}]"
13216,MARSEILLE 16EME,13016,"142 B PLAG DE L'ESTAQUE, 13016 MARSEILLE 16EME",908,L,167,132169080L0167,142.0,B,PLAG,DE L'ESTAQUE,75.0,2,2022-04-30,2025-06-03,1130,3.09,466000.0,591580.0,6213.0,7888.0,26.9,8.0,"[{""date_mutation"": ""2022-04-30"", ""nature_mutation"": ""Vente"", ""valeur_fonciere"": 466000.0, ""surface_reelle_bati"": 75.0, ""nombre_pieces_principales"": 4.0, ""surface_terrain"": 355.0, ""nb_lignes"": 1}, {""date_mutation"": ""2025-06-03"", ""nature_mutation"": ""Vente"", ""valeur_fonciere"": 591580.0, ""surface_reelle_bati"": 75.0, ""nombre_pieces_principales"": 4.0, ""surface_terrain"": 355.0, ""nb_lignes"": 1}]"
13208,MARSEILLE 8EME,13008,"23 BD PIOT, 13008 MARSEILLE 8EME",841,B,84,132088410B0084,23.0,,BD,PIOT,80.0,2,2021-05-31,2023-10-12,864,2.37,460000.0,550000.0,5750.0,6875.0,19.6,7.8,"[{""date_mutation"": ""2021-05-31"", ""nature_mutation"": ""Vente"", ""valeur_fonciere"": 460000.0, ""surface_reelle_bati"": 80.0, ""nombre_pieces_principales"": 3.0, ""surface_terrain"": 357.0, ""nb_lignes"": 1}, {""date_mutation"": ""2023-10-12"", ""nature_mutation"": ""Vente"", ""valeur_fonciere"": 550000.0, ""surface_reelle_bati"": 80.0, ""nombre_pieces_principales"": 3.0, ""surface_terrain"": 357.0, ""nb_lignes"": 1}]"
13205,MARSEILLE 5EME,13005,"9 RUE GILLIBERT, 13005 MARSEILLE 5EME",821,B,83,132058210B0083,9.0,,RUE,GILLIBERT,100.0,2,2021-03-31,2023-12-05,979,2.68,447800.0,546300.0,4478.0,5463.0,22.0,7.7,"[{""date_mutation"": ""2021-03-31"", ""nature_mutation"": ""Vente"", ""valeur_fonciere"": 447800.0, ""surface_reelle_bati"": 100.0, ""nombre_pieces_principales"": 1.0, ""surface_terrain"": null, ""nb_lignes"": 1}, {""date_mutation"": ""2023-12-05"", ""nature_mutation"": ""Vente"", ""valeur_fonciere"": 546300.0, ""surface_reelle_bati"": 100.0, ""nombre_pieces_principales"": 1.0, ""surface_terrain"": null, ""nb_lignes"": 1}]"
13202,MARSEILLE 2EME,13002,"10 TRA DE TAMATAVE, 13002 MARSEILLE 2EME",807,A,61,132028070A0061,10.0,,TRA,DE TAMATAVE,51.0,2,2023-02-21,2025-05-21,820,2.25,147000.0,172600.0,2882.0,3384.0,17.4,7.4,"[{""date_mutation"": ""2023-02-21"", ""nature_mutation"": ""Vente"", ""valeur_fonciere"": 147000.0, ""surface_reelle_bati"": 51.0, ""nombre_pieces_principales"": 3.0, ""surface_terrain"": 59.0, ""nb_lignes"": 1}, {""date_mutation"": ""2025-05-21"", ""nature_mutation"": ""Vente"", ""valeur_fonciere"": 172600.0, ""surface_reelle_bati"": 51.0, ""nombre_pieces_principales"": 3.0, ""surface_terrain"": 59.0, ""nb_lignes"": 1}]"
13211,MARSEILLE 11EME,13011,"33 BD SAINTE-ROSE, 13011 MARSEILLE 11EME",865,D,559,132118650D0559,33.0,,BD,SAINTE-ROSE,110.0,2,2021-06-23,2024-07-31,1134,3.1,290000.0,360000.0,2636.0,3273.0,24.1,7.2,"[{""date_mutation"": ""2021-06-23"", ""nature_mutation"": ""Vente"", ""valeur_fonciere"": 290000.0, ""surface_reelle_bati"": 110.0, ""nombre_pieces_principales"": 5.0, ""surface_terrain"": 822.0, ""nb_lignes"": 1}, {""date_mutation"": ""2024-07-31"", ""nature_mutation"": ""Vente"", ""valeur_fonciere"": 360000.0, ""surface_reelle_bati"": 110.0, ""nombre_pieces_principales"": 5.0, ""surface_terrain"": 822.0, ""nb_lignes"": 1}]"
13213,MARSEILLE 13EME,13013,"11 AV MISS COLUMBIA, 13013 MARSEILLE 13EME",881,C,23,132138810C0023,11.0,,AV,MISS COLUMBIA,109.0,2,2020-11-12,2025-01-27,1537,4.21,240000.0,320300.0,2202.0,2939.0,33.5,7.1,"[{""date_mutation"": ""2020-11-12"", ""nature_mutation"": ""Vente"", ""valeur_fonciere"": 240000.0, ""surface_reelle_bati"": 109.0, ""nombre_pieces_principales"": 6.0, ""surface_terrain"": 272.0, ""nb_lignes"": 1}, {""date_mutation"": ""2025-01-27"", ""nature_mutation"": ""Vente"", ""valeur_fonciere"": 320300.0, ""surface_reelle_bati"": 109.0, ""nombre_pieces_principales"": 6.0, ""surface_terrain"": 272.0, ""nb_lignes"": 1}]"
13208,MARSEILLE 8EME,13008,"7 RUE MARTINY, 13008 MARSEILLE 8EME",843,C,43,132088430C0043,7.0,,RUE,MARTINY,194.0,2,2023-11-09,2025-02-21,470,1.29,1700000.0,1854800.0,8763.0,9561.0,9.1,7.0,"[{""date_mutation"": ""2023-11-09"", ""nature_mutation"": ""Vente"", ""valeur_fonciere"": 1700000.0, ""surface_reelle_bati"": 194.0, ""nombre_pieces_principales"": 5.0, ""surface_terrain"": 529.0, ""nb_lignes"": 1}, {""date_mutation"": ""2025-02-21"", ""nature_mutation"": ""Vente"", ""valeur_fonciere"": 1854800.0, ""surface_reelle_bati"": 194.0, ""nombre_pieces_principales"": 5.0, ""surface_terrain"": 529.0, ""nb_lignes"": 1}]"
13204,MARSEILLE 4EME,13004,"51 BD VELTEN, 13004 MARSEILLE 4EME",817,B,88,132048170B0088,51.0,,BD,VELTEN,120.0,2,2021-03-01,2022-06-24,480,1.31,303200.0,331200.0,2527.0,2760.0,9.2,7.0,"[{""date_mutation"": ""2021-03-01"", ""nature_mutation"": ""Vente"", ""valeur_fonciere"": 303200.0, ""surface_reelle_bati"": 120.0, ""nombre_pieces_principales"": 4.0, ""surface_terrain"": 16.0, ""nb_lignes"": 2}, {""date_mutation"": ""2022-06-24"", ""nature_mutation"": ""Vente"", ""valeur_fonciere"": 331200.0, ""surface_reelle_bati"": 120.0, ""nombre_pieces_principales"": 4.0, ""surface_terrain"": 16.0, ""nb_lignes"": 2}]"
13214,MARSEILLE 14EME,13014,"15 BD DE LA LOUISIANE, 13014 MARSEILLE 14EME",890,H,113,132148900H0113,15.0,,BD,DE LA LOUISIANE,58.0,2,2021-01-26,2023-04-21,815,2.23,235000.0,270000.0,4052.0,4655.0,14.9,6.4,"[{""date_mutation"": ""2021-01-26"", ""nature_mutation"": ""Vente"", ""valeur_fonciere"": 235000.0, ""surface_reelle_bati"": 58.0, ""nombre_pieces_principales"": 4.0, ""surface_terrain"": 325.0, ""nb_lignes"": 1}, {""date_mutation"": ""2023-04-21"", ""nature_mutation"": ""Vente"", ""valeur_fonciere"": 270000.0, ""surface_reelle_bati"": 58.0, ""nombre_pieces_principales"": 4.0, ""surface_terrain"": 325.0, ""nb_lignes"": 1}]"
13208,MARSEILLE 8EME,13008,"25 BD BARRAL PROLONGE, 13008 MARSEILLE 8EME",844,P,201,132088440P0201,25.0,,BD,BARRAL PROLONGE,100.0,3,2021-12-21,2024-11-27,476,1.3,526000.0,569550.0,5260.0,5696.0,8.3,6.3,"[{""date_mutation"": ""2021-12-21"", ""nature_mutation"": ""Vente"", ""valeur_fonciere"": 526000.0, ""surface_reelle_bati"": 100.0, ""nombre_pieces_principales"": 5.0, ""surface_terrain"": null, ""nb_lignes"": 1}, {""date_mutation"": ""2023-04-11"", ""nature_mutation"": ""Vente"", ""valeur_fonciere"": 500000.0, ""surface_reelle_bati"": 100.0, ""nombre_pieces_principales"": 5.0, ""surface_terrain"": null, ""nb_lignes"": 1}, {""date_mutation"": ""2024-11-27"", ""nature_mutation"": ""Vente"", ""valeur_fonciere"": 569550.0, ""surface_reelle_bati"": 100.0, ""nombre_pieces_principales"": 5.0, ""surface_terrain"": null, ""nb_lignes"": 1}]"
13212,MARSEILLE 12EME,13012,"68 TSSE DU DIABLE, 13012 MARSEILLE 12EME",872,B,189,132128720B0189,68.0,,TSSE,DU DIABLE,118.0,2,2021-08-02,2023-02-28,575,1.57,614170.0,676000.0,5205.0,5729.0,10.1,6.3,"[{""date_mutation"": ""2021-08-02"", ""nature_mutation"": ""Vente"", ""valeur_fonciere"": 614170.0, ""surface_reelle_bati"": 118.0, ""nombre_pieces_principales"": 4.0, ""surface_terrain"": 400.0, ""nb_lignes"": 1}, {""date_mutation"": ""2023-02-28"", ""nature_mutation"": ""Vente"", ""valeur_fonciere"": 676000.0, ""surface_reelle_bati"": 118.0, ""nombre_pieces_principales"": 4.0, ""surface_terrain"": 400.0, ""nb_lignes"": 1}]"
13211,MARSEILLE 11EME,13011,"68 BD DE LA BARASSE, 13011 MARSEILLE 11EME",862,C,23,132118620C0023,68.0,,BD,DE LA BARASSE,110.0,2,2021-07-12,2022-11-18,494,1.35,360000.0,390800.0,3273.0,3553.0,8.6,6.3,"[{""date_mutation"": ""2021-07-12"", ""nature_mutation"": ""Vente"", ""valeur_fonciere"": 360000.0, ""surface_reelle_bati"": 110.0, ""nombre_pieces_principales"": 1.0, ""surface_terrain"": 742.0, ""nb_lignes"": 1}, {""date_mutation"": ""2022-11-18"", ""nature_mutation"": ""Vente"", ""valeur_fonciere"": 390800.0, ""surface_reelle_bati"": 110.0, ""nombre_pieces_principales"": 1.0, ""surface_terrain"": 742.0, ""nb_lignes"": 1}]"
13215,MARSEILLE 15EME,13015,"75 BD DE LA SCIERIE, 13015 MARSEILLE 15EME",907,B,63,132159070B0063,75.0,,BD,DE LA SCIERIE,68.0,2,2022-09-08,2024-09-19,742,2.03,100000.0,113000.0,1471.0,1662.0,13.0,6.2,"[{""date_mutation"": ""2022-09-08"", ""nature_mutation"": ""Vente"", ""valeur_fonciere"": 100000.0, ""surface_reelle_bati"": 68.0, ""nombre_pieces_principales"": 3.0, ""surface_terrain"": 61.0, ""nb_lignes"": 1}, {""date_mutation"": ""2024-09-19"", ""nature_mutation"": ""Vente"", ""valeur_fonciere"": 113000.0, ""surface_reelle_bati"": 68.0, ""nombre_pieces_principales"": 3.0, ""surface_terrain"": 61.0, ""nb_lignes"": 1}]"
13212,MARSEILLE 12EME,13012,"5021 F IMP JOSEPH CLERISSY, 13012 MARSEILLE 12EME",876,C,21,132128760C0021,5021.0,F,IMP,JOSEPH CLERISSY,23.0,2,2023-01-20,2023-09-28,251,0.69,430000.0,448000.0,18696.0,19478.0,4.2,6.1,"[{""date_mutation"": ""2023-01-20"", ""nature_mutation"": ""Vente"", ""valeur_fonciere"": 430000.0, ""surface_reelle_bati"": 23.0, ""nombre_pieces_principales"": 2.0, ""surface_terrain"": null, ""nb_lignes"": 1}, {""date_mutation"": ""2023-09-28"", ""nature_mutation"": ""Vente"", ""valeur_fonciere"": 448000.0, ""surface_reelle_bati"": 23.0, ""nombre_pieces_principales"": 2.0, ""surface_terrain"": null, ""nb_lignes"": 1}]"
13212,MARSEILLE 12EME,13012,"83 TSSE DU DIABLE, 13012 MARSEILLE 12EME",872,A,495,132128720A0495,83.0,,TSSE,DU DIABLE,145.0,2,2020-12-04,2022-10-20,685,1.88,635000.0,710000.0,4379.0,4897.0,11.8,6.1,"[{""date_mutation"": ""2020-12-04"", ""nature_mutation"": ""Vente"", ""valeur_fonciere"": 635000.0, ""surface_reelle_bati"": 145.0, ""nombre_pieces_principales"": 4.0, ""surface_terrain"": 200.0, ""nb_lignes"": 1}, {""date_mutation"": ""2022-10-20"", ""nature_mutation"": ""Vente"", ""valeur_fonciere"": 710000.0, ""surface_reelle_bati"": 145.0, ""nombre_pieces_principales"": 4.0, ""surface_terrain"": 200.0, ""nb_lignes"": 1}]"
13216,MARSEILLE 16EME,13016,"17 MTE PUGET BAZILE, 13016 MARSEILLE 16EME",908,P,75,132169080P0075,17.0,,MTE,PUGET BAZILE,66.0,2,2021-06-24,2024-10-16,1210,3.31,304200.0,370000.0,4609.0,5606.0,21.6,6.1,"[{""date_mutation"": ""2021-06-24"", ""nature_mutation"": ""Vente"", ""valeur_fonciere"": 304200.0, ""surface_reelle_bati"": 66.0, ""nombre_pieces_principales"": 3.0, ""surface_terrain"": 66.0, ""nb_lignes"": 1}, {""date_mutation"": ""2024-10-16"", ""nature_mutation"": ""Vente"", ""valeur_fonciere"": 370000.0, ""surface_reelle_bati"": 66.0, ""nombre_pieces_principales"": 3.0, ""surface_terrain"": 66.0, ""nb_lignes"": 1}]"
13209,MARSEILLE 9EME,13009,"3 CHE DE BELLE FONTAINE, 13009 MARSEILLE 9EME",847,E,2,132098470E0002,3.0,,CHE,DE BELLE FONTAINE,110.0,2,2021-01-29,2025-02-20,1483,4.06,570000.0,720100.0,5182.0,6546.0,26.3,5.9,"[{""date_mutation"": ""2021-01-29"", ""nature_mutation"": ""Vente"", ""valeur_fonciere"": 570000.0, ""surface_reelle_bati"": 110.0, ""nombre_pieces_principales"": 3.0, ""surface_terrain"": 465.0, ""nb_lignes"": 1}, {""date_mutation"": ""2025-02-20"", ""nature_mutation"": ""Vente"", ""valeur_fonciere"": 720100.0, ""surface_reelle_bati"": 110.0, ""nombre_pieces_principales"": 3.0, ""surface_terrain"": 465.0, ""nb_lignes"": 1}]"
13215,MARSEILLE 15EME,13015,"3 IMP GUICHARD, 13015 MARSEILLE 15EME",907,D,99,132159070D0099,3.0,,IMP,GUICHARD,85.0,2,2020-10-23,2024-12-12,1511,4.14,290000.0,365000.0,3412.0,4294.0,25.9,5.7,"[{""date_mutation"": ""2020-10-23"", ""nature_mutation"": ""Vente"", ""valeur_fonciere"": 290000.0, ""surface_reelle_bati"": 85.0, ""nombre_pieces_principales"": 4.0, ""surface_terrain"": 567.0, ""nb_lignes"": 1}, {""date_mutation"": ""2024-12-12"", ""nature_mutation"": ""Vente"", ""valeur_fonciere"": 365000.0, ""surface_reelle_bati"": 85.0, ""nombre_pieces_principales"": 4.0, ""surface_terrain"": 567.0, ""nb_lignes"": 1}]"
13203,MARSEILLE 3EME,13003,"11 IMP SAINT-JEAN-BAPTISTE, 13003 MARSEILLE 3EME",813,K,92,132038130K0092,11.0,,IMP,SAINT-JEAN-BAPTISTE,132.0,2,2021-10-27,2023-02-10,471,1.29,385000.0,413350.0,2917.0,3131.0,7.4,5.7,"[{""date_mutation"": ""2021-10-27"", ""nature_mutation"": ""Vente"", ""valeur_fonciere"": 385000.0, ""surface_reelle_bati"": 132.0, ""nombre_pieces_principales"": 2.0, ""surface_terrain"": 133.0, ""nb_lignes"": 1}, {""date_mutation"": ""2023-02-10"", ""nature_mutation"": ""Vente"", ""valeur_fonciere"": 413350.0, ""surface_reelle_bati"": 132.0, ""nombre_pieces_principales"": 2.0, ""surface_terrain"": 133.0, ""nb_lignes"": 1}]"
13214,MARSEILLE 14EME,13014,"188 CHE DU FOUR DE BUZE, 13014 MARSEILLE 14EME",896,B,156,132148960B0156,188.0,,CHE,DU FOUR DE BUZE,70.0,2,2020-12-03,2024-10-04,1401,3.84,240000.0,296300.0,3429.0,4233.0,23.5,5.6,"[{""date_mutation"": ""2020-12-03"", ""nature_mutation"": ""Vente"", ""valeur_fonciere"": 240000.0, ""surface_reelle_bati"": 70.0, ""nombre_pieces_principales"": 2.0, ""surface_terrain"": 104.0, ""nb_lignes"": 1}, {""date_mutation"": ""2024-10-04"", ""nature_mutation"": ""Vente"", ""valeur_fonciere"": 296300.0, ""surface_reelle_bati"": 70.0, ""nombre_pieces_principales"": 2.0, ""surface_terrain"": 104.0, ""nb_lignes"": 1}]"
13212,MARSEILLE 12EME,13012,"25 AV PIERRE LOTI, 13012 MARSEILLE 12EME",875,A,59,132128750A0059,25.0,,AV,PIERRE LOTI,55.0,2,2022-10-27,2025-04-30,916,2.51,650000.0,744000.0,11818.0,13527.0,14.5,5.5,"[{""date_mutation"": ""2022-10-27"", ""nature_mutation"": ""Vente"", ""valeur_fonciere"": 650000.0, ""surface_reelle_bati"": 55.0, ""nombre_pieces_principales"": 3.0, ""surface_terrain"": 527.0, ""nb_lignes"": 1}, {""date_mutation"": ""2025-04-30"", ""nature_mutation"": ""Vente"", ""valeur_fonciere"": 744000.0, ""surface_reelle_bati"": 55.0, ""nombre_pieces_principales"": 3.0, ""surface_terrain"": 527.0, ""nb_lignes"": 1}]"
13212,MARSEILLE 12EME,13012,"9 BD FERNAND CHABOT, 13012 MARSEILLE 12EME",874,C,191,132128740C0191,9.0,,BD,FERNAND CHABOT,45.0,2,2021-02-11,2024-01-18,1071,2.93,368000.0,429700.0,8178.0,9549.0,16.8,5.4,"[{""date_mutation"": ""2021-02-11"", ""nature_mutation"": ""Vente"", ""valeur_fonciere"": 368000.0, ""surface_reelle_bati"": 45.0, ""nombre_pieces_principales"": 3.0, ""surface_terrain"": 64.0, ""nb_lignes"": 1}, {""date_mutation"": ""2024-01-18"", ""nature_mutation"": ""Vente"", ""valeur_fonciere"": 429700.0, ""surface_reelle_bati"": 45.0, ""nombre_pieces_principales"": 3.0, ""surface_terrain"": 64.0, ""nb_lignes"": 1}]"
13207,MARSEILLE 7EME,13007,"136 CHE DU VALLON DE L ORIOL, 13007 MARSEILLE 7EME",829,H,64,132078290H0064,136.0,,CHE,DU VALLON DE L ORIOL,100.0,2,2021-04-13,2023-05-26,773,2.12,855000.0,955500.0,8550.0,9555.0,11.8,5.4,"[{""date_mutation"": ""2021-04-13"", ""nature_mutation"": ""Vente"", ""valeur_fonciere"": 855000.0, ""surface_reelle_bati"": 100.0, ""nombre_pieces_principales"": 3.0, ""surface_terrain"": 147.0, ""nb_lignes"": 1}, {""date_mutation"": ""2023-05-26"", ""nature_mutation"": ""Vente"", ""valeur_fonciere"": 955500.0, ""surface_reelle_bati"": 100.0, ""nombre_pieces_principales"": 3.0, ""surface_terrain"": 147.0, ""nb_lignes"": 1}]"
13213,MARSEILLE 13EME,13013,"25 TSSE DES PLATRIERES, 13013 MARSEILLE 13EME",884,L,451,132138840L0451,25.0,,TSSE,DES PLATRIERES,96.0,2,2023-06-21,2024-12-20,548,1.5,260100.0,281100.0,2709.0,2928.0,8.1,5.3,"[{""date_mutation"": ""2023-06-21"", ""nature_mutation"": ""Vente"", ""valeur_fonciere"": 260100.0, ""surface_reelle_bati"": 96.0, ""nombre_pieces_principales"": 5.0, ""surface_terrain"": 446.0, ""nb_lignes"": 1}, {""date_mutation"": ""2024-12-20"", ""nature_mutation"": ""Vente"", ""valeur_fonciere"": 281100.0, ""surface_reelle_bati"": 96.0, ""nombre_pieces_principales"": 5.0, ""surface_terrain"": 446.0, ""nb_lignes"": 1}]"
13203,MARSEILLE 3EME,13003,"70 BD ALLEMAND, 13003 MARSEILLE 3EME",811,D,15,132038110D0015,70.0,,BD,ALLEMAND,100.0,2,2021-06-18,2024-09-25,1195,3.27,369615.0,435770.0,3696.0,4358.0,17.9,5.2,"[{""date_mutation"": ""2021-06-18"", ""nature_mutation"": ""Vente"", ""valeur_fonciere"": 369615.0, ""surface_reelle_bati"": 100.0, ""nombre_pieces_principales"": 4.0, ""surface_terrain"": 194.0, ""nb_lignes"": 1}, {""date_mutation"": ""2024-09-25"", ""nature_mutation"": ""Vente"", ""valeur_fonciere"": 435770.0, ""surface_reelle_bati"": 100.0, ""nombre_pieces_principales"": 4.0, ""surface_terrain"": 194.0, ""nb_lignes"": 1}]"
13212,MARSEILLE 12EME,13012,"23 BD FERDINAND NEGRO, 13012 MARSEILLE 12EME",874,Y,41,132128740Y0041,23.0,,BD,FERDINAND NEGRO,50.0,2,2020-12-15,2022-11-10,695,1.9,220000.0,242000.0,4400.0,4840.0,10.0,5.1,"[{""date_mutation"": ""2020-12-15"", ""nature_mutation"": ""Vente"", ""valeur_fonciere"": 220000.0, ""surface_reelle_bati"": 50.0, ""nombre_pieces_principales"": 3.0, ""surface_terrain"": 123.0, ""nb_lignes"": 1}, {""date_mutation"": ""2022-11-10"", ""nature_mutation"": ""Vente"", ""valeur_fonciere"": 242000.0, ""surface_reelle_bati"": 50.0, ""nombre_pieces_principales"": 3.0, ""surface_terrain"": 123.0, ""nb_lignes"": 1}]"
13214,MARSEILLE 14EME,13014,"1 RUE LATHAM, 13014 MARSEILLE 14EME",893,B,577,132148930B0577,1.0,,RUE,LATHAM,118.0,2,2021-10-25,2023-04-05,527,1.44,495000.0,530700.0,4195.0,4497.0,7.2,4.9,"[{""date_mutation"": ""2021-10-25"", ""nature_mutation"": ""Vente"", ""valeur_fonciere"": 495000.0, ""surface_reelle_bati"": 118.0, ""nombre_pieces_principales"": 4.0, ""surface_terrain"": 904.0, ""nb_lignes"": 1}, {""date_mutation"": ""2023-04-05"", ""nature_mutation"": ""Vente"", ""valeur_fonciere"": 530700.0, ""surface_reelle_bati"": 118.0, ""nombre_pieces_principales"": 4.0, ""surface_terrain"": 904.0, ""nb_lignes"": 1}]"
13215,MARSEILLE 15EME,13015,"2 RUE FAVART, 13015 MARSEILLE 15EME",904,L,379,132159040L0379,2.0,,RUE,FAVART,65.0,3,2020-09-25,2024-03-18,623,1.71,175000.0,190000.0,2692.0,2923.0,8.6,4.9,"[{""date_mutation"": ""2020-09-25"", ""nature_mutation"": ""Vente"", ""valeur_fonciere"": 175000.0, ""surface_reelle_bati"": 65.0, ""nombre_pieces_principales"": 3.0, ""surface_terrain"": null, ""nb_lignes"": 1}, {""date_mutation"": ""2022-06-10"", ""nature_mutation"": ""Vente"", ""valeur_fonciere"": 90000.0, ""surface_reelle_bati"": 65.0, ""nombre_pieces_principales"": 3.0, ""surface_terrain"": null, ""nb_lignes"": 1}, {""date_mutation"": ""2024-03-18"", ""nature_mutation"": ""Vente"", ""valeur_fonciere"": 190000.0, ""surface_reelle_bati"": 65.0, ""nombre_pieces_principales"": 3.0, ""surface_terrain"": null, ""nb_lignes"": 1}]"
13210,MARSEILLE 10EME,13010,"35 AV DESIRE BIANCO, 13010 MARSEILLE 10EME",860,B,39,132108600B0039,35.0,,AV,DESIRE BIANCO,68.0,2,2022-05-05,2023-04-12,342,0.94,239100.0,250000.0,3516.0,3676.0,4.6,4.9,"[{""date_mutation"": ""2022-05-05"", ""nature_mutation"": ""Vente"", ""valeur_fonciere"": 239100.0, ""surface_reelle_bati"": 68.0, ""nombre_pieces_principales"": 3.0, ""surface_terrain"": 174.0, ""nb_lignes"": 1}, {""date_mutation"": ""2023-04-12"", ""nature_mutation"": ""Vente"", ""valeur_fonciere"": 250000.0, ""surface_reelle_bati"": 68.0, ""nombre_pieces_principales"": 3.0, ""surface_terrain"": 174.0, ""nb_lignes"": 1}]"
13211,MARSEILLE 11EME,13011,"1 IMP CAMPOURIERES, 13011 MARSEILLE 11EME",863,B,15,132118630B0015,1.0,,IMP,CAMPOURIERES,47.0,3,2020-12-01,2025-03-27,731,2.0,181850.0,200000.0,3869.0,4255.0,10.0,4.9,"[{""date_mutation"": ""2020-12-01"", ""nature_mutation"": ""Vente"", ""valeur_fonciere"": 181850.0, ""surface_reelle_bati"": 47.0, ""nombre_pieces_principales"": 3.0, ""surface_terrain"": 29.0, ""nb_lignes"": 1}, {""date_mutation"": ""2022-12-02"", ""nature_mutation"": ""Vente"", ""valeur_fonciere"": 220000.0, ""surface_reelle_bati"": 47.0, ""nombre_pieces_principales"": 3.0, ""surface_terrain"": 29.0, ""nb_lignes"": 1}, {""date_mutation"": ""2025-03-27"", ""nature_mutation"": ""Vente"", ""valeur_fonciere"": 200000.0, ""surface_reelle_bati"": 47.0, ""nombre_pieces_principales"": 3.0, ""surface_terrain"": 29.0, ""nb_lignes"": 1}]"
13211,MARSEILLE 11EME,13011,"131 T PL JEAN-BAPTISTE AUFFAN, 13011 MARSEILLE 11EME",864,M,139,132118640M0139,131.0,T,PL,JEAN-BAPTISTE AUFFAN,67.0,2,2020-12-14,2022-10-03,658,1.8,280000.0,305000.0,4179.0,4552.0,8.9,4.9,"[{""date_mutation"": ""2020-12-14"", ""nature_mutation"": ""Vente"", ""valeur_fonciere"": 280000.0, ""surface_reelle_bati"": 67.0, ""nombre_pieces_principales"": 4.0, ""surface_terrain"": 100.0, ""nb_lignes"": 1}, {""date_mutation"": ""2022-10-03"", ""nature_mutation"": ""Vente"", ""valeur_fonciere"": 305000.0, ""surface_reelle_bati"": 67.0, ""nombre_pieces_principales"": 4.0, ""surface_terrain"": 100.0, ""nb_lignes"": 1}]"
13207,MARSEILLE 7EME,13007,"37 RUE DES FRERES PECCHINI, 13007 MARSEILLE 7EME",834,A,154,132078340A0154,37.0,,RUE,DES FRERES PECCHINI,229.0,2,2023-06-12,2024-12-20,557,1.52,1537330.0,1651350.0,6713.0,7211.0,7.4,4.8,"[{""date_mutation"": ""2023-06-12"", ""nature_mutation"": ""Vente"", ""valeur_fonciere"": 1537330.0, ""surface_reelle_bati"": 229.0, ""nombre_pieces_principales"": 5.0, ""surface_terrain"": 171.0, ""nb_lignes"": 1}, {""date_mutation"": ""2024-12-20"", ""nature_mutation"": ""Vente"", ""valeur_fonciere"": 1651350.0, ""surface_reelle_bati"": 229.0, ""nombre_pieces_principales"": 5.0, ""surface_terrain"": 171.0, ""nb_lignes"": 1}]"
13215,MARSEILLE 15EME,13015,"9 RUE URANUS, 13015 MARSEILLE 15EME",902,C,49,132159020C0049,9.0,,RUE,URANUS,68.0,2,2021-03-05,2024-02-12,1074,2.94,183000.0,210000.0,2691.0,3088.0,14.8,4.8,"[{""date_mutation"": ""2021-03-05"", ""nature_mutation"": ""Vente"", ""valeur_fonciere"": 183000.0, ""surface_reelle_bati"": 68.0, ""nombre_pieces_principales"": 4.0, ""surface_terrain"": null, ""nb_lignes"": 1}, {""date_mutation"": ""2024-02-12"", ""nature_mutation"": ""Vente"", ""valeur_fonciere"": 210000.0, ""surface_reelle_bati"": 68.0, ""nombre_pieces_principales"": 4.0, ""surface_terrain"": null, ""nb_lignes"": 1}]"
13213,MARSEILLE 13EME,13013,"11 ALL DES LOTUS, 13013 MARSEILLE 13EME",884,M,128,132138840M0128,11.0,,ALL,DES LOTUS,68.0,2,2021-02-03,2024-03-29,1150,3.15,225100.0,260000.0,3310.0,3824.0,15.5,4.7,"[{""date_mutation"": ""2021-02-03"", ""nature_mutation"": ""Vente"", ""valeur_fonciere"": 225100.0, ""surface_reelle_bati"": 68.0, ""nombre_pieces_principales"": 4.0, ""surface_terrain"": null, ""nb_lignes"": 1}, {""date_mutation"": ""2024-03-29"", ""nature_mutation"": ""Vente"", ""valeur_fonciere"": 260000.0, ""surface_reelle_bati"": 68.0, ""nombre_pieces_principales"": 4.0, ""surface_terrain"": null, ""nb_lignes"": 1}]"
13208,MARSEILLE 8EME,13008,"11 TRA BRUNET, 13008 MARSEILLE 8EME",838,R,99,132088380R0099,11.0,,TRA,BRUNET,68.0,2,2021-06-28,2025-01-17,1299,3.56,940000.0,1103450.0,13824.0,16227.0,17.4,4.6,"[{""date_mutation"": ""2021-06-28"", ""nature_mutation"": ""Vente"", ""valeur_fonciere"": 940000.0, ""surface_reelle_bati"": 68.0, ""nombre_pieces_principales"": 4.0, ""surface_terrain"": 276.0, ""nb_lignes"": 1}, {""date_mutation"": ""2025-01-17"", ""nature_mutation"": ""Vente"", ""valeur_fonciere"": 1103450.0, ""surface_reelle_bati"": 68.0, ""nombre_pieces_principales"": 4.0, ""surface_terrain"": 276.0, ""nb_lignes"": 1}]"
13213,MARSEILLE 13EME,13013,"13 AV DES PINS, 13013 MARSEILLE 13EME",884,L,274,132138840L0274,13.0,,AV,DES PINS,145.0,2,2021-08-31,2025-04-09,1317,3.61,542000.0,637045.0,3738.0,4393.0,17.5,4.6,"[{""date_mutation"": ""2021-08-31"", ""nature_mutation"": ""Vente"", ""valeur_fonciere"": 542000.0, ""surface_reelle_bati"": 145.0, ""nombre_pieces_principales"": 5.0, ""surface_terrain"": 1000.0, ""nb_lignes"": 1}, {""date_mutation"": ""2025-04-09"", ""nature_mutation"": ""Vente"", ""valeur_fonciere"": 637045.0, ""surface_reelle_bati"": 145.0, ""nombre_pieces_principales"": 5.0, ""surface_terrain"": 1000.0, ""nb_lignes"": 1}]"
13213,MARSEILLE 13EME,13013,"100 CHE DES XAVIERS, 13013 MARSEILLE 13EME",882,B,370,132138820B0370,100.0,,CHE,DES XAVIERS,159.0,2,2021-08-26,2023-05-30,642,1.76,1361600.0,1470700.0,8564.0,9250.0,8.0,4.5,"[{""date_mutation"": ""2021-08-26"", ""nature_mutation"": ""Vente"", ""valeur_fonciere"": 1361600.0, ""surface_reelle_bati"": 159.0, ""nombre_pieces_principales"": 4.0, ""surface_terrain"": 2557.0, ""nb_lignes"": 1}, {""date_mutation"": ""2023-05-30"", ""nature_mutation"": ""Vente"", ""valeur_fonciere"": 1470700.0, ""surface_reelle_bati"": 159.0, ""nombre_pieces_principales"": 4.0, ""surface_terrain"": 2557.0, ""nb_lignes"": 1}]"
13212,MARSEILLE 12EME,13012,"19 BD PIBOULEAU, 13012 MARSEILLE 12EME",874,B,21,132128740B0021,19.0,,BD,PIBOULEAU,42.0,2,2021-03-24,2025-05-20,1518,4.16,270000.0,323700.0,6429.0,7707.0,19.9,4.5,"[{""date_mutation"": ""2021-03-24"", ""nature_mutation"": ""Vente"", ""valeur_fonciere"": 270000.0, ""surface_reelle_bati"": 42.0, ""nombre_pieces_principales"": 3.0, ""surface_terrain"": 148.0, ""nb_lignes"": 1}, {""date_mutation"": ""2025-05-20"", ""nature_mutation"": ""Vente"", ""valeur_fonciere"": 323700.0, ""surface_reelle_bati"": 42.0, ""nombre_pieces_principales"": 3.0, ""surface_terrain"": 148.0, ""nb_lignes"": 1}]"
13212,MARSEILLE 12EME,13012,"11 RUE FONTAINIEU, 13012 MARSEILLE 12EME",875,O,145,132128750O0145,11.0,,RUE,FONTAINIEU,107.0,2,2020-11-27,2023-08-09,985,2.7,885600.0,995850.0,8277.0,9307.0,12.4,4.4,"[{""date_mutation"": ""2020-11-27"", ""nature_mutation"": ""Vente"", ""valeur_fonciere"": 885600.0, ""surface_reelle_bati"": 107.0, ""nombre_pieces_principales"": 5.0, ""surface_terrain"": 411.0, ""nb_lignes"": 1}, {""date_mutation"": ""2023-08-09"", ""nature_mutation"": ""Vente"", ""valeur_fonciere"": 995850.0, ""surface_reelle_bati"": 107.0, ""nombre_pieces_principales"": 5.0, ""surface_terrain"": 411.0, ""nb_lignes"": 1}]"
13209,MARSEILLE 9EME,13009,"4 AV CLAUDE DEBUSSY, 13009 MARSEILLE 9EME",853,U,166,132098530U0166,4.0,,AV,CLAUDE DEBUSSY,117.0,2,2021-02-23,2025-02-24,1462,4.0,646210.0,767100.0,5523.0,6556.0,18.7,4.4,"[{""date_mutation"": ""2021-02-23"", ""nature_mutation"": ""Vente"", ""valeur_fonciere"": 646210.0, ""surface_reelle_bati"": 117.0, ""nombre_pieces_principales"": 4.0, ""surface_terrain"": 196.0, ""nb_lignes"": 1}, {""date_mutation"": ""2025-02-24"", ""nature_mutation"": ""Vente"", ""valeur_fonciere"": 767100.0, ""surface_reelle_bati"": 117.0, ""nombre_pieces_principales"": 4.0, ""surface_terrain"": 196.0, ""nb_lignes"": 1}]"
13212,MARSEILLE 12EME,13012,"32 AV DE BOIS LUZY, 13012 MARSEILLE 12EME",875,B,85,132128750B0085,32.0,,AV,DE BOIS LUZY,69.0,2,2022-12-02,2024-10-24,692,1.89,598000.0,647000.0,8667.0,9377.0,8.2,4.2,"[{""date_mutation"": ""2022-12-02"", ""nature_mutation"": ""Vente"", ""valeur_fonciere"": 598000.0, ""surface_reelle_bati"": 69.0, ""nombre_pieces_principales"": 4.0, ""surface_terrain"": 204.0, ""nb_lignes"": 1}, {""date_mutation"": ""2024-10-24"", ""nature_mutation"": ""Vente"", ""valeur_fonciere"": 647000.0, ""surface_reelle_bati"": 69.0, ""nombre_pieces_principales"": 4.0, ""surface_terrain"": 204.0, ""nb_lignes"": 1}]"
13215,MARSEILLE 15EME,13015,"37 AV MINERVE, 13015 MARSEILLE 15EME",907,I,13,132159070I0013,37.0,,AV,MINERVE,64.0,2,2020-07-27,2024-02-06,1289,3.53,307000.0,355000.0,4797.0,5547.0,15.6,4.2,"[{""date_mutation"": ""2020-07-27"", ""nature_mutation"": ""Vente"", ""valeur_fonciere"": 307000.0, ""surface_reelle_bati"": 64.0, ""nombre_pieces_principales"": 3.0, ""surface_terrain"": 394.0, ""nb_lignes"": 1}, {""date_mutation"": ""2024-02-06"", ""nature_mutation"": ""Vente"", ""valeur_fonciere"": 355000.0, ""surface_reelle_bati"": 64.0, ""nombre_pieces_principales"": 3.0, ""surface_terrain"": 394.0, ""nb_lignes"": 1}]"
13208,MARSEILLE 8EME,13008,"24 BD FEREVOUX, 13008 MARSEILLE 8EME",836,L,78,132088360L0078,24.0,,BD,FEREVOUX,125.0,2,2020-10-21,2021-10-19,363,0.99,752330.0,783000.0,6019.0,6264.0,4.1,4.1,"[{""date_mutation"": ""2020-10-21"", ""nature_mutation"": ""Vente"", ""valeur_fonciere"": 752330.0, ""surface_reelle_bati"": 125.0, ""nombre_pieces_principales"": 5.0, ""surface_terrain"": null, ""nb_lignes"": 1}, {""date_mutation"": ""2021-10-19"", ""nature_mutation"": ""Vente"", ""valeur_fonciere"": 783000.0, ""surface_reelle_bati"": 125.0, ""nombre_pieces_principales"": 5.0, ""surface_terrain"": null, ""nb_lignes"": 1}]"
13207,MARSEILLE 7EME,13007,"58 BD BOMPARD, 13007 MARSEILLE 7EME",829,A,223,132078290A0223,58.0,,BD,BOMPARD,330.0,2,2020-10-05,2025-01-13,1561,4.27,1475000.0,1750000.0,4470.0,5303.0,18.6,4.1,"[{""date_mutation"": ""2020-10-05"", ""nature_mutation"": ""Vente"", ""valeur_fonciere"": 1475000.0, ""surface_reelle_bati"": 330.0, ""nombre_pieces_principales"": 9.0, ""surface_terrain"": 834.0, ""nb_lignes"": 1}, {""date_mutation"": ""2025-01-13"", ""nature_mutation"": ""Vente"", ""valeur_fonciere"": 1750000.0, ""surface_reelle_bati"": 330.0, ""nombre_pieces_principales"": 9.0, ""surface_terrain"": 834.0, ""nb_lignes"": 1}]"
13214,MARSEILLE 14EME,13014,"10 BD MASSENET, 13014 MARSEILLE 14EME",895,E,165,132148950E0165,10.0,,BD,MASSENET,72.0,2,2021-01-20,2024-12-18,1428,3.91,120000.0,140000.0,1667.0,1944.0,16.7,4.0,"[{""date_mutation"": ""2021-01-20"", ""nature_mutation"": ""Vente"", ""valeur_fonciere"": 120000.0, ""surface_reelle_bati"": 72.0, ""nombre_pieces_principales"": 4.0, ""surface_terrain"": 341.0, ""nb_lignes"": 1}, {""date_mutation"": ""2024-12-18"", ""nature_mutation"": ""Vente"", ""valeur_fonciere"": 140000.0, ""surface_reelle_bati"": 72.0, ""nombre_pieces_principales"": 4.0, ""surface_terrain"": 341.0, ""nb_lignes"": 1}]"
13213,MARSEILLE 13EME,13013,"87 AV PAUL DALBRET, 13013 MARSEILLE 13EME",879,B,235,132138790B0235,87.0,,AV,PAUL DALBRET,150.0,2,2020-12-15,2025-03-12,1548,4.24,536580.0,626580.0,3577.0,4177.0,16.8,3.7,"[{""date_mutation"": ""2020-12-15"", ""nature_mutation"": ""Vente"", ""valeur_fonciere"": 536580.0, ""surface_reelle_bati"": 150.0, ""nombre_pieces_principales"": 6.0, ""surface_terrain"": 1021.0, ""nb_lignes"": 1}, {""date_mutation"": ""2025-03-12"", ""nature_mutation"": ""Vente"", ""valeur_fonciere"": 626580.0, ""surface_reelle_bati"": 150.0, ""nombre_pieces_principales"": 6.0, ""surface_terrain"": 1021.0, ""nb_lignes"": 1}]"
13215,MARSEILLE 15EME,13015,"1 TRA DE LA MICHELE, 13015 MARSEILLE 15EME",897,I,102,132158970I0102,1.0,,TRA,DE LA MICHELE,52.0,2,2020-09-15,2023-07-21,1039,2.84,223000.0,245000.0,4288.0,4712.0,9.9,3.4,"[{""date_mutation"": ""2020-09-15"", ""nature_mutation"": ""Vente"", ""valeur_fonciere"": 223000.0, ""surface_reelle_bati"": 52.0, ""nombre_pieces_principales"": 3.0, ""surface_terrain"": 140.0, ""nb_lignes"": 1}, {""date_mutation"": ""2023-07-21"", ""nature_mutation"": ""Vente"", ""valeur_fonciere"": 245000.0, ""surface_reelle_bati"": 52.0, ""nombre_pieces_principales"": 3.0, ""surface_terrain"": 140.0, ""nb_lignes"": 1}]"
13215,MARSEILLE 15EME,13015,"5004 F IMP DU HOME, 13015 MARSEILLE 15EME",903,E,80,132159030E0080,5004.0,F,IMP,DU HOME,71.0,2,2021-05-11,2025-01-22,1352,3.7,300300.0,339049.0,4230.0,4775.0,12.9,3.3,"[{""date_mutation"": ""2021-05-11"", ""nature_mutation"": ""Vente"", ""valeur_fonciere"": 300300.0, ""surface_reelle_bati"": 71.0, ""nombre_pieces_principales"": 3.0, ""surface_terrain"": 413.0, ""nb_lignes"": 1}, {""date_mutation"": ""2025-01-22"", ""nature_mutation"": ""Vente"", ""valeur_fonciere"": 339049.0, ""surface_reelle_bati"": 71.0, ""nombre_pieces_principales"": 3.0, ""surface_terrain"": 413.0, ""nb_lignes"": 1}]"
13209,MARSEILLE 9EME,13009,"9112 CHE DU VAL DES BOIS, 13009 MARSEILLE 9EME",847,B,112,132098470B0112,9112.0,,CHE,DU VAL DES BOIS,91.0,2,2021-04-07,2025-01-29,1393,3.81,423700.0,480000.0,4656.0,5275.0,13.3,3.3,"[{""date_mutation"": ""2021-04-07"", ""nature_mutation"": ""Vente"", ""valeur_fonciere"": 423700.0, ""surface_reelle_bati"": 91.0, ""nombre_pieces_principales"": 5.0, ""surface_terrain"": 186.0, ""nb_lignes"": 1}, {""date_mutation"": ""2025-01-29"", ""nature_mutation"": ""Vente"", ""valeur_fonciere"": 480000.0, ""surface_reelle_bati"": 91.0, ""nombre_pieces_principales"": 5.0, ""surface_terrain"": 186.0, ""nb_lignes"": 1}]"
13216,MARSEILLE 16EME,13016,"142 CHE DU MARINIER, 13016 MARSEILLE 16EME",908,R,4,132169080R0004,142.0,,CHE,DU MARINIER,160.0,2,2021-09-23,2024-10-09,1112,3.04,828000.0,912000.0,5175.0,5700.0,10.1,3.2,"[{""date_mutation"": ""2021-09-23"", ""nature_mutation"": ""Vente"", ""valeur_fonciere"": 828000.0, ""surface_reelle_bati"": 160.0, ""nombre_pieces_principales"": 6.0, ""surface_terrain"": 1230.0, ""nb_lignes"": 1}, {""date_mutation"": ""2024-10-09"", ""nature_mutation"": ""Vente"", ""valeur_fonciere"": 912000.0, ""surface_reelle_bati"": 160.0, ""nombre_pieces_principales"": 6.0, ""surface_terrain"": 1230.0, ""nb_lignes"": 1}]"
13209,MARSEILLE 9EME,13009,"22 BD FRANCOIS ROBERT, 13009 MARSEILLE 9EME",849,U,61,132098490U0061,22.0,,BD,FRANCOIS ROBERT,130.0,2,2022-06-23,2025-03-28,1009,2.76,949200.0,1033138.0,7302.0,7947.0,8.8,3.1,"[{""date_mutation"": ""2022-06-23"", ""nature_mutation"": ""Vente"", ""valeur_fonciere"": 949200.0, ""surface_reelle_bati"": 130.0, ""nombre_pieces_principales"": 4.0, ""surface_terrain"": 305.0, ""nb_lignes"": 1}, {""date_mutation"": ""2025-03-28"", ""nature_mutation"": ""Vente"", ""valeur_fonciere"": 1033138.0, ""surface_reelle_bati"": 130.0, ""nombre_pieces_principales"": 4.0, ""surface_terrain"": 305.0, ""nb_lignes"": 1}]"
13208,MARSEILLE 8EME,13008,"20 RUE DE CLUNY, 13008 MARSEILLE 8EME",839,D,147,132088390D0147,20.0,,RUE,DE CLUNY,22.0,2,2020-08-07,2024-12-06,1582,4.33,175000.0,198500.0,7955.0,9023.0,13.4,3.0,"[{""date_mutation"": ""2020-08-07"", ""nature_mutation"": ""Vente"", ""valeur_fonciere"": 175000.0, ""surface_reelle_bati"": 22.0, ""nombre_pieces_principales"": 1.0, ""surface_terrain"": 68.0, ""nb_lignes"": 1}, {""date_mutation"": ""2024-12-06"", ""nature_mutation"": ""Vente"", ""valeur_fonciere"": 198500.0, ""surface_reelle_bati"": 22.0, ""nombre_pieces_principales"": 1.0, ""surface_terrain"": 68.0, ""nb_lignes"": 1}]"
13213,MARSEILLE 13EME,13013,"3 BD LACORDAIRE, 13013 MARSEILLE 13EME",888,O,59,132138880O0059,3.0,,BD,LACORDAIRE,106.0,2,2021-07-09,2024-10-25,1204,3.3,400000.0,440000.0,3774.0,4151.0,10.0,2.9,"[{""date_mutation"": ""2021-07-09"", ""nature_mutation"": ""Vente"", ""valeur_fonciere"": 400000.0, ""surface_reelle_bati"": 106.0, ""nombre_pieces_principales"": 4.0, ""surface_terrain"": 235.0, ""nb_lignes"": 1}, {""date_mutation"": ""2024-10-25"", ""nature_mutation"": ""Vente"", ""valeur_fonciere"": 440000.0, ""surface_reelle_bati"": 106.0, ""nombre_pieces_principales"": 4.0, ""surface_terrain"": 235.0, ""nb_lignes"": 1}]"
13215,MARSEILLE 15EME,13015,"7 MTE DU MONT D OR, 13015 MARSEILLE 15EME",904,I,75,132159040I0075,7.0,,MTE,DU MONT D OR,88.0,2,2021-12-13,2024-09-13,1005,2.75,402000.0,435000.0,4568.0,4943.0,8.2,2.9,"[{""date_mutation"": ""2021-12-13"", ""nature_mutation"": ""Vente"", ""valeur_fonciere"": 402000.0, ""surface_reelle_bati"": 88.0, ""nombre_pieces_principales"": 4.0, ""surface_terrain"": 1266.0, ""nb_lignes"": 1}, {""date_mutation"": ""2024-09-13"", ""nature_mutation"": ""Vente"", ""valeur_fonciere"": 435000.0, ""surface_reelle_bati"": 88.0, ""nombre_pieces_principales"": 4.0, ""surface_terrain"": 1266.0, ""nb_lignes"": 1}]"
13215,MARSEILLE 15EME,13015,"13 TSSE DU CLOS FLEURI, 13015 MARSEILLE 15EME",897,I,12,132158970I0012,13.0,,TSSE,DU CLOS FLEURI,68.0,2,2021-04-29,2023-06-02,764,2.09,230000.0,244000.0,3382.0,3588.0,6.1,2.9,"[{""date_mutation"": ""2021-04-29"", ""nature_mutation"": ""Vente"", ""valeur_fonciere"": 230000.0, ""surface_reelle_bati"": 68.0, ""nombre_pieces_principales"": 4.0, ""surface_terrain"": 79.0, ""nb_lignes"": 1}, {""date_mutation"": ""2023-06-02"", ""nature_mutation"": ""Vente"", ""valeur_fonciere"": 244000.0, ""surface_reelle_bati"": 68.0, ""nombre_pieces_principales"": 4.0, ""surface_terrain"": 79.0, ""nb_lignes"": 1}]"
13209,MARSEILLE 9EME,13009,"169 AV DE LA PANOUSE, 13009 MARSEILLE 9EME",850,C,185,132098500C0185,169.0,,AV,DE LA PANOUSE,180.0,2,2023-02-17,2025-02-06,720,1.97,1366680.0,1443500.0,7593.0,8019.0,5.6,2.8,"[{""date_mutation"": ""2023-02-17"", ""nature_mutation"": ""Vente"", ""valeur_fonciere"": 1366680.0, ""surface_reelle_bati"": 180.0, ""nombre_pieces_principales"": 5.0, ""surface_terrain"": 1306.0, ""nb_lignes"": 1}, {""date_mutation"": ""2025-02-06"", ""nature_mutation"": ""Vente"", ""valeur_fonciere"": 1443500.0, ""surface_reelle_bati"": 180.0, ""nombre_pieces_principales"": 5.0, ""surface_terrain"": 1306.0, ""nb_lignes"": 1}]"
13206,MARSEILLE 6EME,13006,"56 RUE CHATEAU PAYAN, 13006 MARSEILLE 6EME",824,A,304,132068240A0304,56.0,,RUE,CHATEAU PAYAN,68.0,2,2023-03-29,2023-11-17,233,0.64,314000.0,319600.0,4618.0,4700.0,1.8,2.8,"[{""date_mutation"": ""2023-03-29"", ""nature_mutation"": ""Vente"", ""valeur_fonciere"": 314000.0, ""surface_reelle_bati"": 68.0, ""nombre_pieces_principales"": 3.0, ""surface_terrain"": 68.0, ""nb_lignes"": 1}, {""date_mutation"": ""2023-11-17"", ""nature_mutation"": ""Vente"", ""valeur_fonciere"": 319600.0, ""surface_reelle_bati"": 68.0, ""nombre_pieces_principales"": 3.0, ""surface_terrain"": 68.0, ""nb_lignes"": 1}]"
13213,MARSEILLE 13EME,13013,"6 TSSE CAILLOL, 13013 MARSEILLE 13EME",889,L,266,132138890L0266,6.0,,TSSE,CAILLOL,108.0,2,2021-05-12,2025-01-08,1337,3.66,348100.0,384500.0,3223.0,3560.0,10.5,2.8,"[{""date_mutation"": ""2021-05-12"", ""nature_mutation"": ""Vente"", ""valeur_fonciere"": 348100.0, ""surface_reelle_bati"": 108.0, ""nombre_pieces_principales"": 4.0, ""surface_terrain"": null, ""nb_lignes"": 1}, {""date_mutation"": ""2025-01-08"", ""nature_mutation"": ""Vente"", ""valeur_fonciere"": 384500.0, ""surface_reelle_bati"": 108.0, ""nombre_pieces_principales"": 4.0, ""surface_terrain"": null, ""nb_lignes"": 1}]"
13204,MARSEILLE 4EME,13004,"46 BD FIGUIERE, 13004 MARSEILLE 4EME",816,C,288,132048160C0288,46.0,,BD,FIGUIERE,108.0,2,2021-10-19,2025-04-09,1268,3.47,550000.0,604000.0,5093.0,5593.0,9.8,2.7,"[{""date_mutation"": ""2021-10-19"", ""nature_mutation"": ""Vente"", ""valeur_fonciere"": 550000.0, ""surface_reelle_bati"": 108.0, ""nombre_pieces_principales"": 5.0, ""surface_terrain"": 198.0, ""nb_lignes"": 1}, {""date_mutation"": ""2025-04-09"", ""nature_mutation"": ""Vente"", ""valeur_fonciere"": 604000.0, ""surface_reelle_bati"": 108.0, ""nombre_pieces_principales"": 5.0, ""surface_terrain"": 198.0, ""nb_lignes"": 1}]"
13216,MARSEILLE 16EME,13016,"35 TRA PAS DE FAON, 13016 MARSEILLE 16EME",910,I,91,132169100I0091,35.0,,TRA,PAS DE FAON,52.0,2,2020-08-25,2024-07-12,1417,3.88,227000.0,250850.0,4365.0,4824.0,10.5,2.6,"[{""date_mutation"": ""2020-08-25"", ""nature_mutation"": ""Vente"", ""valeur_fonciere"": 227000.0, ""surface_reelle_bati"": 52.0, ""nombre_pieces_principales"": 3.0, ""surface_terrain"": 14.0, ""nb_lignes"": 1}, {""date_mutation"": ""2024-07-12"", ""nature_mutation"": ""Vente"", ""valeur_fonciere"": 250850.0, ""surface_reelle_bati"": 52.0, ""nombre_pieces_principales"": 3.0, ""surface_terrain"": 14.0, ""nb_lignes"": 1}]"
13212,MARSEILLE 12EME,13012,"11 RUE DU GROUPE SCOLAIRE, 13012 MARSEILLE 12EME",877,Y,69,132128770Y0069,11.0,,RUE,DU GROUPE SCOLAIRE,122.0,2,2021-01-15,2023-12-15,1064,2.91,460000.0,493700.0,3770.0,4047.0,7.3,2.5,"[{""date_mutation"": ""2021-01-15"", ""nature_mutation"": ""Vente"", ""valeur_fonciere"": 460000.0, ""surface_reelle_bati"": 122.0, ""nombre_pieces_principales"": 5.0, ""surface_terrain"": 126.0, ""nb_lignes"": 1}, {""date_mutation"": ""2023-12-15"", ""nature_mutation"": ""Vente"", ""valeur_fonciere"": 493700.0, ""surface_reelle_bati"": 122.0, ""nombre_pieces_principales"": 5.0, ""surface_terrain"": 126.0, ""nb_lignes"": 1}]"
13211,MARSEILLE 11EME,13011,"5138 F RTE D'ALLAUCH, 13011 MARSEILLE 11EME",861,B,138,132118610B0138,5138.0,F,RTE,D'ALLAUCH,165.0,2,2020-12-08,2024-02-07,1156,3.16,800000.0,860000.0,4848.0,5212.0,7.5,2.3,"[{""date_mutation"": ""2020-12-08"", ""nature_mutation"": ""Vente"", ""valeur_fonciere"": 800000.0, ""surface_reelle_bati"": 165.0, ""nombre_pieces_principales"": 6.0, ""surface_terrain"": 1003.0, ""nb_lignes"": 1}, {""date_mutation"": ""2024-02-07"", ""nature_mutation"": ""Vente"", ""valeur_fonciere"": 860000.0, ""surface_reelle_bati"": 165.0, ""nombre_pieces_principales"": 5.0, ""surface_terrain"": 1003.0, ""nb_lignes"": 2}]"
13216,MARSEILLE 16EME,13016,"17 LOT LE CLOS DES GENETS, 13016 MARSEILLE 16EME",911,O,238,132169110O0238,17.0,,LOT,LE CLOS DES GENETS,81.0,2,2020-11-27,2025-01-10,1505,4.12,303000.0,332150.0,3741.0,4101.0,9.6,2.3,"[{""date_mutation"": ""2020-11-27"", ""nature_mutation"": ""Vente"", ""valeur_fonciere"": 303000.0, ""surface_reelle_bati"": 81.0, ""nombre_pieces_principales"": 4.0, ""surface_terrain"": 139.0, ""nb_lignes"": 1}, {""date_mutation"": ""2025-01-10"", ""nature_mutation"": ""Vente"", ""valeur_fonciere"": 332150.0, ""surface_reelle_bati"": 81.0, ""nombre_pieces_principales"": 4.0, ""surface_terrain"": 139.0, ""nb_lignes"": 1}]"
13216,MARSEILLE 16EME,13016,"21 B RUE CONDORCET, 13016 MARSEILLE 16EME",910,E,90,132169100E0090,21.0,B,RUE,CONDORCET,71.0,2,2020-07-17,2022-08-26,770,2.11,220000.0,230000.0,3099.0,3239.0,4.5,2.1,"[{""date_mutation"": ""2020-07-17"", ""nature_mutation"": ""Vente"", ""valeur_fonciere"": 220000.0, ""surface_reelle_bati"": 71.0, ""nombre_pieces_principales"": 4.0, ""surface_terrain"": 67.0, ""nb_lignes"": 1}, {""date_mutation"": ""2022-08-26"", ""nature_mutation"": ""Vente"", ""valeur_fonciere"": 230000.0, ""surface_reelle_bati"": 71.0, ""nombre_pieces_principales"": 4.0, ""surface_terrain"": 67.0, ""nb_lignes"": 1}]"
13209,MARSEILLE 9EME,13009,"6 CHE DE BELLE FONTAINE, 13009 MARSEILLE 9EME",847,E,31,132098470E0031,6.0,,CHE,DE BELLE FONTAINE,128.0,2,2022-10-27,2025-02-19,846,2.32,789000.0,823800.0,6164.0,6436.0,4.4,1.9,"[{""date_mutation"": ""2022-10-27"", ""nature_mutation"": ""Vente"", ""valeur_fonciere"": 789000.0, ""surface_reelle_bati"": 128.0, ""nombre_pieces_principales"": 4.0, ""surface_terrain"": 433.0, ""nb_lignes"": 1}, {""date_mutation"": ""2025-02-19"", ""nature_mutation"": ""Vente"", ""valeur_fonciere"": 823800.0, ""surface_reelle_bati"": 128.0, ""nombre_pieces_principales"": 4.0, ""surface_terrain"": 433.0, ""nb_lignes"": 1}]"
13212,MARSEILLE 12EME,13012,"8 BD VILLETEL, 13012 MARSEILLE 12EME",873,H,10,132128730H0010,8.0,,BD,VILLETEL,82.0,2,2020-11-24,2025-02-27,1556,4.26,400000.0,432000.0,4878.0,5268.0,8.0,1.8,"[{""date_mutation"": ""2020-11-24"", ""nature_mutation"": ""Vente"", ""valeur_fonciere"": 400000.0, ""surface_reelle_bati"": 82.0, ""nombre_pieces_principales"": 4.0, ""surface_terrain"": 538.0, ""nb_lignes"": 1}, {""date_mutation"": ""2025-02-27"", ""nature_mutation"": ""Vente"", ""valeur_fonciere"": 432000.0, ""surface_reelle_bati"": 82.0, ""nombre_pieces_principales"": 4.0, ""surface_terrain"": 538.0, ""nb_lignes"": 1}]"
13207,MARSEILLE 7EME,13007,"22 TRA PEY, 13007 MARSEILLE 7EME",829,I,4,132078290I0004,22.0,,TRA,PEY,100.0,2,2021-07-30,2022-05-24,298,0.82,890000.0,900000.0,8900.0,9000.0,1.1,1.4,"[{""date_mutation"": ""2021-07-30"", ""nature_mutation"": ""Vente"", ""valeur_fonciere"": 890000.0, ""surface_reelle_bati"": 100.0, ""nombre_pieces_principales"": 4.0, ""surface_terrain"": 370.0, ""nb_lignes"": 1}, {""date_mutation"": ""2022-05-24"", ""nature_mutation"": ""Vente"", ""valeur_fonciere"": 900000.0, ""surface_reelle_bati"": 100.0, ""nombre_pieces_principales"": 4.0, ""surface_terrain"": 370.0, ""nb_lignes"": 1}]"
13207,MARSEILLE 7EME,13007,"5 IMP DU PLATEAU, 13007 MARSEILLE 7EME",829,H,80,132078290H0080,5.0,,IMP,DU PLATEAU,44.0,2,2021-06-10,2025-04-29,1419,3.89,457250.0,482000.0,10392.0,10955.0,5.4,1.4,"[{""date_mutation"": ""2021-06-10"", ""nature_mutation"": ""Vente"", ""valeur_fonciere"": 457250.0, ""surface_reelle_bati"": 44.0, ""nombre_pieces_principales"": 3.0, ""surface_terrain"": 71.0, ""nb_lignes"": 1}, {""date_mutation"": ""2025-04-29"", ""nature_mutation"": ""Vente"", ""valeur_fonciere"": 482000.0, ""surface_reelle_bati"": 44.0, ""nombre_pieces_principales"": 3.0, ""surface_terrain"": 71.0, ""nb_lignes"": 1}]"
13215,MARSEILLE 15EME,13015,"5 BD VIALA, 13015 MARSEILLE 15EME",899,C,247,132158990C0247,5.0,,BD,VIALA,61.0,2,2023-03-03,2025-04-16,775,2.12,140000.0,143000.0,2295.0,2344.0,2.1,1.0,"[{""date_mutation"": ""2023-03-03"", ""nature_mutation"": ""Vente"", ""valeur_fonciere"": 140000.0, ""surface_reelle_bati"": 61.0, ""nombre_pieces_principales"": 3.0, ""surface_terrain"": null, ""nb_lignes"": 1}, {""date_mutation"": ""2025-04-16"", ""nature_mutation"": ""Vente"", ""valeur_fonciere"": 143000.0, ""surface_reelle_bati"": 61.0, ""nombre_pieces_principales"": 3.0, ""surface_terrain"": null, ""nb_lignes"": 1}]"
13214,MARSEILLE 14EME,13014,"7 RUE LOUIS MERLINO, 13014 MARSEILLE 14EME",891,B,97,132148910B0097,7.0,,RUE,LOUIS MERLINO,75.0,2,2020-11-16,2025-02-13,1550,4.24,283000.0,295000.0,3773.0,3933.0,4.2,1.0,"[{""date_mutation"": ""2020-11-16"", ""nature_mutation"": ""Vente"", ""valeur_fonciere"": 283000.0, ""surface_reelle_bati"": 75.0, ""nombre_pieces_principales"": 3.0, ""surface_terrain"": 243.0, ""nb_lignes"": 1}, {""date_mutation"": ""2025-02-13"", ""nature_mutation"": ""Vente"", ""valeur_fonciere"": 295000.0, ""surface_reelle_bati"": 75.0, ""nombre_pieces_principales"": 3.0, ""surface_terrain"": 243.0, ""nb_lignes"": 1}]"
13215,MARSEILLE 15EME,13015,"30 TSSE DE LA BATTERIE, 13015 MARSEILLE 15EME",903,A,446,132159030A0446,30.0,,TSSE,DE LA BATTERIE,160.0,2,2021-05-03,2024-12-04,1311,3.59,358950.0,370000.0,2243.0,2312.0,3.1,0.8,"[{""date_mutation"": ""2021-05-03"", ""nature_mutation"": ""Vente"", ""valeur_fonciere"": 358950.0, ""surface_reelle_bati"": 160.0, ""nombre_pieces_principales"": 5.0, ""surface_terrain"": 473.0, ""nb_lignes"": 1}, {""date_mutation"": ""2024-12-04"", ""nature_mutation"": ""Vente"", ""valeur_fonciere"": 370000.0, ""surface_reelle_bati"": 160.0, ""nombre_pieces_principales"": 5.0, ""surface_terrain"": 473.0, ""nb_lignes"": 1}]"
13215,MARSEILLE 15EME,13015,"5151 F AV MARIUS BREMOND, 13015 MARSEILLE 15EME",906,E,150,132159060E0150,5151.0,F,AV,MARIUS BREMOND,91.0,2,2022-02-22,2024-12-12,1024,2.8,402000.0,410000.0,4418.0,4505.0,2.0,0.7,"[{""date_mutation"": ""2022-02-22"", ""nature_mutation"": ""Vente"", ""valeur_fonciere"": 402000.0, ""surface_reelle_bati"": 91.0, ""nombre_pieces_principales"": 4.0, ""surface_terrain"": 508.0, ""nb_lignes"": 1}, {""date_mutation"": ""2024-12-12"", ""nature_mutation"": ""Vente"", ""valeur_fonciere"": 410000.0, ""surface_reelle_bati"": 91.0, ""nombre_pieces_principales"": 4.0, ""surface_terrain"": 508.0, ""nb_lignes"": 1}]"
13209,MARSEILLE 9EME,13009,"15 RUE DE BEYROUTH, 13009 MARSEILLE 9EME",849,O,226,132098490O0226,15.0,,RUE,DE BEYROUTH,145.0,2,2022-03-31,2024-07-03,825,2.26,954055.0,968655.0,6580.0,6680.0,1.5,0.7,"[{""date_mutation"": ""2022-03-31"", ""nature_mutation"": ""Vente"", ""valeur_fonciere"": 954055.0, ""surface_reelle_bati"": 145.0, ""nombre_pieces_principales"": 5.0, ""surface_terrain"": 121.0, ""nb_lignes"": 1}, {""date_mutation"": ""2024-07-03"", ""nature_mutation"": ""Vente"", ""valeur_fonciere"": 968655.0, ""surface_reelle_bati"": 145.0, ""nombre_pieces_principales"": 5.0, ""surface_terrain"": 121.0, ""nb_lignes"": 1}]"
13213,MARSEILLE 13EME,13013,"2 RUE FERNAND CHABOT, 13013 MARSEILLE 13EME",884,I,52,132138840I0052,2.0,,RUE,FERNAND CHABOT,77.0,2,2021-07-09,2024-10-16,1195,3.27,382050.0,390000.0,4962.0,5065.0,2.1,0.6,"[{""date_mutation"": ""2021-07-09"", ""nature_mutation"": ""Vente"", ""valeur_fonciere"": 382050.0, ""surface_reelle_bati"": 77.0, ""nombre_pieces_principales"": 4.0, ""surface_terrain"": 236.0, ""nb_lignes"": 1}, {""date_mutation"": ""2024-10-16"", ""nature_mutation"": ""Vente"", ""valeur_fonciere"": 390000.0, ""surface_reelle_bati"": 77.0, ""nombre_pieces_principales"": 4.0, ""surface_terrain"": 236.0, ""nb_lignes"": 1}]"
13213,MARSEILLE 13EME,13013,"41 B CHE DES LAMBERTS, 13013 MARSEILLE 13EME",880,D,268,132138800D0268,41.0,B,CHE,DES LAMBERTS,126.0,2,2021-07-08,2024-06-21,1079,2.95,567000.0,575000.0,4500.0,4563.0,1.4,0.5,"[{""date_mutation"": ""2021-07-08"", ""nature_mutation"": ""Vente"", ""valeur_fonciere"": 567000.0, ""surface_reelle_bati"": 126.0, ""nombre_pieces_principales"": 4.0, ""surface_terrain"": 711.0, ""nb_lignes"": 1}, {""date_mutation"": ""2024-06-21"", ""nature_mutation"": ""Vente"", ""valeur_fonciere"": 575000.0, ""surface_reelle_bati"": 126.0, ""nombre_pieces_principales"": 4.0, ""surface_terrain"": 711.0, ""nb_lignes"": 1}]"
13215,MARSEILLE 15EME,13015,"44 CHE DU VALLON DES PINS, 13015 MARSEILLE 15EME",904,K,177,132159040K0177,44.0,,CHE,DU VALLON DES PINS,76.0,2,2021-01-27,2024-10-02,1344,3.68,239000.0,243070.0,3145.0,3198.0,1.7,0.5,"[{""date_mutation"": ""2021-01-27"", ""nature_mutation"": ""Vente"", ""valeur_fonciere"": 239000.0, ""surface_reelle_bati"": 76.0, ""nombre_pieces_principales"": 4.0, ""surface_terrain"": 113.0, ""nb_lignes"": 1}, {""date_mutation"": ""2024-10-02"", ""nature_mutation"": ""Vente"", ""valeur_fonciere"": 243070.0, ""surface_reelle_bati"": 76.0, ""nombre_pieces_principales"": 4.0, ""surface_terrain"": 113.0, ""nb_lignes"": 1}]"
13203,MARSEILLE 3EME,13003,"21 BD ALLEMAND, 13003 MARSEILLE 3EME",811,D,101,132038110D0101,21.0,,BD,ALLEMAND,75.0,2,2022-09-09,2023-10-06,392,1.07,350230.0,351280.0,4670.0,4684.0,0.3,0.3,"[{""date_mutation"": ""2022-09-09"", ""nature_mutation"": ""Vente"", ""valeur_fonciere"": 350230.0, ""surface_reelle_bati"": 75.0, ""nombre_pieces_principales"": 7.0, ""surface_terrain"": 139.0, ""nb_lignes"": 1}, {""date_mutation"": ""2023-10-06"", ""nature_mutation"": ""Vente"", ""valeur_fonciere"": 351280.0, ""surface_reelle_bati"": 75.0, ""nombre_pieces_principales"": 7.0, ""surface_terrain"": 139.0, ""nb_lignes"": 1}]"
13211,MARSEILLE 11EME,13011,"43 AV DE MIRAMAS, 13011 MARSEILLE 11EME",870,A,21,132118700A0021,43.0,,AV,DE MIRAMAS,85.0,2,2020-08-28,2023-12-19,1208,3.31,370000.0,373310.0,4353.0,4392.0,0.9,0.3,"[{""date_mutation"": ""2020-08-28"", ""nature_mutation"": ""Vente"", ""valeur_fonciere"": 370000.0, ""surface_reelle_bati"": 85.0, ""nombre_pieces_principales"": 4.0, ""surface_terrain"": 263.0, ""nb_lignes"": 1}, {""date_mutation"": ""2023-12-19"", ""nature_mutation"": ""Vente"", ""valeur_fonciere"": 373310.0, ""surface_reelle_bati"": 85.0, ""nombre_pieces_principales"": 4.0, ""surface_terrain"": 263.0, ""nb_lignes"": 1}]"
13211,MARSEILLE 11EME,13011,"12 BD DU CALEN, 13011 MARSEILLE 11EME",862,N,17,132118620N0017,12.0,,BD,DU CALEN,64.0,2,2023-06-28,2024-06-12,350,0.96,260000.0,260000.0,4062.0,4062.0,0.0,0.0,"[{""date_mutation"": ""2023-06-28"", ""nature_mutation"": ""Vente"", ""valeur_fonciere"": 260000.0, ""surface_reelle_bati"": 64.0, ""nombre_pieces_principales"": 4.0, ""surface_terrain"": 441.0, ""nb_lignes"": 1}, {""date_mutation"": ""2024-06-12"", ""nature_mutation"": ""Vente"", ""valeur_fonciere"": 260000.0, ""surface_reelle_bati"": 64.0, ""nombre_pieces_principales"": 4.0, ""surface_terrain"": 441.0, ""nb_lignes"": 1}]"
13209,MARSEILLE 9EME,13009,"26 BD GUSTAVE GANAY, 13009 MARSEILLE 9EME",853,V,59,132098530V0059,26.0,,BD,GUSTAVE GANAY,50.0,2,2020-07-09,2025-06-18,1805,4.94,355000.0,353850.0,7100.0,7077.0,-0.3,-0.1,"[{""date_mutation"": ""2020-07-09"", ""nature_mutation"": ""Vente"", ""valeur_fonciere"": 355000.0, ""surface_reelle_bati"": 50.0, ""nombre_pieces_principales"": 2.0, ""surface_terrain"": null, ""nb_lignes"": 1}, {""date_mutation"": ""2025-06-18"", ""nature_mutation"": ""Vente"", ""valeur_fonciere"": 353850.0, ""surface_reelle_bati"": 50.0, ""nombre_pieces_principales"": 2.0, ""surface_terrain"": null, ""nb_lignes"": 1}]"
13208,MARSEILLE 8EME,13008,"39 BD CHANCEL, 13008 MARSEILLE 8EME",836,I,79,132088360I0079,39.0,,BD,CHANCEL,115.0,2,2021-06-25,2023-09-29,826,2.26,1550000.0,1529250.0,13478.0,13298.0,-1.3,-0.6,"[{""date_mutation"": ""2021-06-25"", ""nature_mutation"": ""Vente"", ""valeur_fonciere"": 1550000.0, ""surface_reelle_bati"": 115.0, ""nombre_pieces_principales"": 4.0, ""surface_terrain"": 498.0, ""nb_lignes"": 1}, {""date_mutation"": ""2023-09-29"", ""nature_mutation"": ""Vente"", ""valeur_fonciere"": 1529250.0, ""surface_reelle_bati"": 115.0, ""nombre_pieces_principales"": 4.0, ""surface_terrain"": 498.0, ""nb_lignes"": 1}]"
13216,MARSEILLE 16EME,13016,"19 IMP CHASSAIGNON, 13016 MARSEILLE 16EME",910,H,101,132169100H0101,19.0,,IMP,CHASSAIGNON,64.0,2,2021-12-03,2024-06-13,923,2.53,239000.0,235000.0,3734.0,3672.0,-1.7,-0.7,"[{""date_mutation"": ""2021-12-03"", ""nature_mutation"": ""Vente"", ""valeur_fonciere"": 239000.0, ""surface_reelle_bati"": 64.0, ""nombre_pieces_principales"": 2.0, ""surface_terrain"": 124.0, ""nb_lignes"": 1}, {""date_mutation"": ""2024-06-13"", ""nature_mutation"": ""Vente"", ""valeur_fonciere"": 235000.0, ""surface_reelle_bati"": 64.0, ""nombre_pieces_principales"": 2.0, ""surface_terrain"": 124.0, ""nb_lignes"": 1}]"
13204,MARSEILLE 4EME,13004,"4 VC DE LA TETE NOIRE, 13004 MARSEILLE 4EME",817,B,55,132048170B0055,4.0,,VC,DE LA TETE NOIRE,65.0,2,2021-07-16,2024-11-08,1211,3.32,245000.0,236800.0,3769.0,3643.0,-3.3,-1.0,"[{""date_mutation"": ""2021-07-16"", ""nature_mutation"": ""Vente"", ""valeur_fonciere"": 245000.0, ""surface_reelle_bati"": 65.0, ""nombre_pieces_principales"": 4.0, ""surface_terrain"": 98.0, ""nb_lignes"": 1}, {""date_mutation"": ""2024-11-08"", ""nature_mutation"": ""Vente"", ""valeur_fonciere"": 236800.0, ""surface_reelle_bati"": 65.0, ""nombre_pieces_principales"": 4.0, ""surface_terrain"": 98.0, ""nb_lignes"": 1}]"
13209,MARSEILLE 9EME,13009,"49 AV GENERAL BROSSET, 13009 MARSEILLE 9EME",853,T,44,132098530T0044,49.0,,AV,GENERAL BROSSET,97.0,2,2023-05-15,2024-11-05,540,1.48,726000.0,711000.0,7485.0,7330.0,-2.1,-1.4,"[{""date_mutation"": ""2023-05-15"", ""nature_mutation"": ""Vente"", ""valeur_fonciere"": 726000.0, ""surface_reelle_bati"": 97.0, ""nombre_pieces_principales"": 4.0, ""surface_terrain"": 211.0, ""nb_lignes"": 1}, {""date_mutation"": ""2024-11-05"", ""nature_mutation"": ""Vente"", ""valeur_fonciere"": 711000.0, ""surface_reelle_bati"": 97.0, ""nombre_pieces_principales"": 4.0, ""surface_terrain"": 211.0, ""nb_lignes"": 1}]"
13208,MARSEILLE 8EME,13008,"40 BD EMILE SICARD, 13008 MARSEILLE 8EME",843,N,8,132088430N0008,40.0,,BD,EMILE SICARD,344.0,2,2020-12-14,2024-09-30,1386,3.79,1925000.0,1802800.0,5596.0,5241.0,-6.3,-1.7,"[{""date_mutation"": ""2020-12-14"", ""nature_mutation"": ""Vente"", ""valeur_fonciere"": 1925000.0, ""surface_reelle_bati"": 344.0, ""nombre_pieces_principales"": 7.0, ""surface_terrain"": 453.0, ""nb_lignes"": 2}, {""date_mutation"": ""2024-09-30"", ""nature_mutation"": ""Vente"", ""valeur_fonciere"": 1802800.0, ""surface_reelle_bati"": 344.0, ""nombre_pieces_principales"": 7.0, ""surface_terrain"": 686.0, ""nb_lignes"": 2}]"
13213,MARSEILLE 13EME,13013,"283 CHE DE CHATEAU GOMBERT, 13013 MARSEILLE 13EME",889,C,288,132138890C0288,283.0,,CHE,DE CHATEAU GOMBERT,97.0,2,2022-02-28,2023-08-28,546,1.49,479000.0,465000.0,4938.0,4794.0,-2.9,-2.0,"[{""date_mutation"": ""2022-02-28"", ""nature_mutation"": ""Vente"", ""valeur_fonciere"": 479000.0, ""surface_reelle_bati"": 97.0, ""nombre_pieces_principales"": 3.0, ""surface_terrain"": 453.0, ""nb_lignes"": 1}, {""date_mutation"": ""2023-08-28"", ""nature_mutation"": ""Vente"", ""valeur_fonciere"": 465000.0, ""surface_reelle_bati"": 97.0, ""nombre_pieces_principales"": 3.0, ""surface_terrain"": 453.0, ""nb_lignes"": 1}]"
13216,MARSEILLE 16EME,13016,"4 TRA MOUREPIANE, 13016 MARSEILLE 16EME",911,E,73,132169110E0073,4.0,,TRA,MOUREPIANE,40.0,2,2021-07-05,2025-05-13,1408,3.85,158000.0,143400.0,3950.0,3585.0,-9.2,-2.5,"[{""date_mutation"": ""2021-07-05"", ""nature_mutation"": ""Vente"", ""valeur_fonciere"": 158000.0, ""surface_reelle_bati"": 40.0, ""nombre_pieces_principales"": 4.0, ""surface_terrain"": 44.0, ""nb_lignes"": 1}, {""date_mutation"": ""2025-05-13"", ""nature_mutation"": ""Vente"", ""valeur_fonciere"": 143400.0, ""surface_reelle_bati"": 40.0, ""nombre_pieces_principales"": 4.0, ""surface_terrain"": 44.0, ""nb_lignes"": 1}]"
13212,MARSEILLE 12EME,13012,"6 RUE LAZARINE, 13012 MARSEILLE 12EME",875,O,42,132128750O0042,6.0,,RUE,LAZARINE,48.0,2,2022-07-20,2025-05-15,1030,2.82,384000.0,357300.0,8000.0,7444.0,-7.0,-2.5,"[{""date_mutation"": ""2022-07-20"", ""nature_mutation"": ""Vente"", ""valeur_fonciere"": 384000.0, ""surface_reelle_bati"": 48.0, ""nombre_pieces_principales"": 3.0, ""surface_terrain"": 58.0, ""nb_lignes"": 1}, {""date_mutation"": ""2025-05-15"", ""nature_mutation"": ""Vente"", ""valeur_fonciere"": 357300.0, ""surface_reelle_bati"": 48.0, ""nombre_pieces_principales"": 3.0, ""surface_terrain"": 58.0, ""nb_lignes"": 1}]"
13207,MARSEILLE 7EME,13007,"27 B TRA DU FRIOUL, 13007 MARSEILLE 7EME",830,D,173,132078300D0173,27.0,B,TRA,DU FRIOUL,168.0,2,2021-01-18,2023-09-21,976,2.67,1238475.0,1148500.0,7372.0,6836.0,-7.3,-2.8,"[{""date_mutation"": ""2021-01-18"", ""nature_mutation"": ""Vente"", ""valeur_fonciere"": 1238475.0, ""surface_reelle_bati"": 168.0, ""nombre_pieces_principales"": 4.0, ""surface_terrain"": 57.0, ""nb_lignes"": 1}, {""date_mutation"": ""2023-09-21"", ""nature_mutation"": ""Vente"", ""valeur_fonciere"": 1148500.0, ""surface_reelle_bati"": 168.0, ""nombre_pieces_principales"": 4.0, ""surface_terrain"": 57.0, ""nb_lignes"": 1}]"
13204,MARSEILLE 4EME,13004,"8 IMP DE LA PEPINIERE, 13004 MARSEILLE 4EME",817,K,66,132048170K0066,8.0,,IMP,DE LA PEPINIERE,112.0,2,2021-06-16,2023-10-27,863,2.36,670220.0,625380.0,5984.0,5584.0,-6.7,-2.9,"[{""date_mutation"": ""2021-06-16"", ""nature_mutation"": ""Vente"", ""valeur_fonciere"": 670220.0, ""surface_reelle_bati"": 112.0, ""nombre_pieces_principales"": 5.0, ""surface_terrain"": 531.0, ""nb_lignes"": 1}, {""date_mutation"": ""2023-10-27"", ""nature_mutation"": ""Vente"", ""valeur_fonciere"": 625380.0, ""surface_reelle_bati"": 112.0, ""nombre_pieces_principales"": 5.0, ""surface_terrain"": 531.0, ""nb_lignes"": 1}]"
13213,MARSEILLE 13EME,13013,"1 IMP RIVET, 13013 MARSEILLE 13EME",879,N,149,132138790N0149,1.0,,IMP,RIVET,60.0,2,2021-06-30,2025-01-24,1304,3.57,210000.0,188000.0,3500.0,3133.0,-10.5,-3.1,"[{""date_mutation"": ""2021-06-30"", ""nature_mutation"": ""Vente"", ""valeur_fonciere"": 210000.0, ""surface_reelle_bati"": 60.0, ""nombre_pieces_principales"": 3.0, ""surface_terrain"": 45.0, ""nb_lignes"": 1}, {""date_mutation"": ""2025-01-24"", ""nature_mutation"": ""Vente"", ""valeur_fonciere"": 188000.0, ""surface_reelle_bati"": 60.0, ""nombre_pieces_principales"": 3.0, ""surface_terrain"": 45.0, ""nb_lignes"": 1}]"
13214,MARSEILLE 14EME,13014,"6 TSSE DU CROISSANT DORE, 13014 MARSEILLE 14EME",891,B,7,132148910B0007,6.0,,TSSE,DU CROISSANT DORE,40.0,2,2020-10-09,2024-12-27,1540,4.22,220000.0,180000.0,5500.0,4500.0,-18.2,-4.6,"[{""date_mutation"": ""2020-10-09"", ""nature_mutation"": ""Vente"", ""valeur_fonciere"": 220000.0, ""surface_reelle_bati"": 40.0, ""nombre_pieces_principales"": 4.0, ""surface_terrain"": 210.0, ""nb_lignes"": 1}, {""date_mutation"": ""2024-12-27"", ""nature_mutation"": ""Vente"", ""valeur_fonciere"": 180000.0, ""surface_reelle_bati"": 40.0, ""nombre_pieces_principales"": 4.0, ""surface_terrain"": 210.0, ""nb_lignes"": 1}]"
13212,MARSEILLE 12EME,13012,"4 RUE D HAIPHONG, 13012 MARSEILLE 12EME",872,D,86,132128720D0086,4.0,,RUE,D HAIPHONG,36.0,2,2020-12-22,2024-03-19,1183,3.24,140000.0,115000.0,3889.0,3194.0,-17.9,-5.9,"[{""date_mutation"": ""2020-12-22"", ""nature_mutation"": ""Vente"", ""valeur_fonciere"": 140000.0, ""surface_reelle_bati"": 36.0, ""nombre_pieces_principales"": 1.0, ""surface_terrain"": 21.0, ""nb_lignes"": 1}, {""date_mutation"": ""2024-03-19"", ""nature_mutation"": ""Vente"", ""valeur_fonciere"": 115000.0, ""surface_reelle_bati"": 36.0, ""nombre_pieces_principales"": 1.0, ""surface_terrain"": 21.0, ""nb_lignes"": 1}]"
13212,MARSEILLE 12EME,13012,"10 IMP BONNIOT, 13012 MARSEILLE 12EME",877,S,61,132128770S0061,10.0,,IMP,BONNIOT,187.0,2,2023-11-17,2025-05-28,558,1.53,1237000.0,1099560.0,6615.0,5880.0,-11.1,-7.4,"[{""date_mutation"": ""2023-11-17"", ""nature_mutation"": ""Vente"", ""valeur_fonciere"": 1237000.0, ""surface_reelle_bati"": 187.0, ""nombre_pieces_principales"": 7.0, ""surface_terrain"": 942.0, ""nb_lignes"": 1}, {""date_mutation"": ""2025-05-28"", ""nature_mutation"": ""Vente"", ""valeur_fonciere"": 1099560.0, ""surface_reelle_bati"": 187.0, ""nombre_pieces_principales"": 7.0, ""surface_terrain"": 942.0, ""nb_lignes"": 1}]"
13210,MARSEILLE 10EME,13010,"252 CHE DE L ARMEE D AFRIQUE, 13010 MARSEILLE 10EME",860,C,199,132108600C0199,252.0,,CHE,DE L ARMEE D AFRIQUE,80.0,2,2021-08-06,2024-06-24,1053,2.88,345000.0,272750.0,4312.0,3409.0,-20.9,-7.8,"[{""date_mutation"": ""2021-08-06"", ""nature_mutation"": ""Vente"", ""valeur_fonciere"": 345000.0, ""surface_reelle_bati"": 80.0, ""nombre_pieces_principales"": 4.0, ""surface_terrain"": null, ""nb_lignes"": 1}, {""date_mutation"": ""2024-06-24"", ""nature_mutation"": ""Vente"", ""valeur_fonciere"": 272750.0, ""surface_reelle_bati"": 80.0, ""nombre_pieces_principales"": 4.0, ""surface_terrain"": null, ""nb_lignes"": 1}]"
13215,MARSEILLE 15EME,13015,"16 IMP SAVOURNIN, 13015 MARSEILLE 15EME",904,B,128,132159040B0128,16.0,,IMP,SAVOURNIN,90.0,2,2021-12-15,2024-07-04,932,2.55,233900.0,185000.0,2599.0,2056.0,-20.9,-8.8,"[{""date_mutation"": ""2021-12-15"", ""nature_mutation"": ""Vente"", ""valeur_fonciere"": 233900.0, ""surface_reelle_bati"": 90.0, ""nombre_pieces_principales"": 3.0, ""surface_terrain"": 339.0, ""nb_lignes"": 1}, {""date_mutation"": ""2024-07-04"", ""nature_mutation"": ""Vente"", ""valeur_fonciere"": 185000.0, ""surface_reelle_bati"": 90.0, ""nombre_pieces_principales"": 3.0, ""surface_terrain"": 339.0, ""nb_lignes"": 1}]"
13212,MARSEILLE 12EME,13012,"3 RUE DES CLEMATITES, 13012 MARSEILLE 12EME",877,X,166,132128770X0166,3.0,,RUE,DES CLEMATITES,60.0,2,2021-10-08,2024-06-28,994,2.72,740000.0,560000.0,12333.0,9333.0,-24.3,-9.7,"[{""date_mutation"": ""2021-10-08"", ""nature_mutation"": ""Vente"", ""valeur_fonciere"": 740000.0, ""surface_reelle_bati"": 60.0, ""nombre_pieces_principales"": 4.0, ""surface_terrain"": null, ""nb_lignes"": 1}, {""date_mutation"": ""2024-06-28"", ""nature_mutation"": ""Vente"", ""valeur_fonciere"": 560000.0, ""surface_reelle_bati"": 60.0, ""nombre_pieces_principales"": 4.0, ""surface_terrain"": 874.0, ""nb_lignes"": 1}]"
13204,MARSEILLE 4EME,13004,"12 RUE DE CADOLIVE, 13004 MARSEILLE 4EME",815,E,125,132048150E0125,12.0,,RUE,DE CADOLIVE,27.0,3,2020-08-03,2024-12-27,550,1.51,140000.0,108500.0,5185.0,4019.0,-22.5,-15.6,"[{""date_mutation"": ""2020-08-03"", ""nature_mutation"": ""Vente"", ""valeur_fonciere"": 140000.0, ""surface_reelle_bati"": 27.0, ""nombre_pieces_principales"": 2.0, ""surface_terrain"": 67.0, ""nb_lignes"": 1}, {""date_mutation"": ""2022-02-04"", ""nature_mutation"": ""Vente"", ""valeur_fonciere"": 217000.0, ""surface_reelle_bati"": 27.0, ""nombre_pieces_principales"": 2.0, ""surface_terrain"": 67.0, ""nb_lignes"": 1}, {""date_mutation"": ""2024-12-27"", ""nature_mutation"": ""Vente"", ""valeur_fonciere"": 108500.0, ""surface_reelle_bati"": 27.0, ""nombre_pieces_principales"": 2.0, ""surface_terrain"": 67.0, ""nb_lignes"": 1}]"
13215,MARSEILLE 15EME,13015,"18 BD DU PLATEAU QRT LA VISTE, 13015 MARSEILLE 15EME",907,D,74,132159070D0074,18.0,,BD,DU PLATEAU QRT LA VISTE,64.0,2,2021-05-21,2023-10-03,865,2.37,193000.0,120000.0,3016.0,1875.0,-37.8,-18.2,"[{""date_mutation"": ""2021-05-21"", ""nature_mutation"": ""Vente"", ""valeur_fonciere"": 193000.0, ""surface_reelle_bati"": 64.0, ""nombre_pieces_principales"": 4.0, ""surface_terrain"": null, ""nb_lignes"": 1}, {""date_mutation"": ""2023-10-03"", ""nature_mutation"": ""Vente"", ""valeur_fonciere"": 120000.0, ""surface_reelle_bati"": 64.0, ""nombre_pieces_principales"": 3.0, ""surface_terrain"": null, ""nb_lignes"": 1}]"
13207,MARSEILLE 7EME,13007,"46 RUE GEORGES SAINT-MARTIN, 13007 MARSEILLE 7EME",830,I,95,132078300I0095,46.0,,RUE,GEORGES SAINT-MARTIN,150.0,2,2021-07-15,2025-03-31,1355,3.71,799000.0,310000.0,5327.0,2067.0,-61.2,-22.5,"[{""date_mutation"": ""2021-07-15"", ""nature_mutation"": ""Vente"", ""valeur_fonciere"": 799000.0, ""surface_reelle_bati"": 150.0, ""nombre_pieces_principales"": 4.0, ""surface_terrain"": 143.0, ""nb_lignes"": 1}, {""date_mutation"": ""2025-03-31"", ""nature_mutation"": ""Vente"", ""valeur_fonciere"": 310000.0, ""surface_reelle_bati"": 150.0, ""nombre_pieces_principales"": 4.0, ""surface_terrain"": 143.0, ""nb_lignes"": 1}]"
13207,MARSEILLE 7EME,13007,"16 RUE MAGAUD, 13007 MARSEILLE 7EME",834,A,194,132078340A0194,16.0,,RUE,MAGAUD,51.0,2,2021-01-18,2023-12-19,1065,2.92,467000.0,208000.0,9157.0,4078.0,-55.5,-24.2,"[{""date_mutation"": ""2021-01-18"", ""nature_mutation"": ""Vente"", ""valeur_fonciere"": 467000.0, ""surface_reelle_bati"": 51.0, ""nombre_pieces_principales"": 2.0, ""surface_terrain"": 35.0, ""nb_lignes"": 1}, {""date_mutation"": ""2023-12-19"", ""nature_mutation"": ""Vente"", ""valeur_fonciere"": 208000.0, ""surface_reelle_bati"": 51.0, ""nombre_pieces_principales"": 2.0, ""surface_terrain"": 35.0, ""nb_lignes"": 1}]"
13209,MARSEILLE 9EME,13009,"196 CHE DE MORGIOU, 13009 MARSEILLE 9EME",846,B,335,132098460B0335,196.0,,CHE,DE MORGIOU,86.0,2,2021-06-17,2022-04-25,312,0.85,520000.0,410000.0,6047.0,4767.0,-21.2,-24.3,"[{""date_mutation"": ""2021-06-17"", ""nature_mutation"": ""Vente"", ""valeur_fonciere"": 520000.0, ""surface_reelle_bati"": 86.0, ""nombre_pieces_principales"": 4.0, ""surface_terrain"": null, ""nb_lignes"": 1}, {""date_mutation"": ""2022-04-25"", ""nature_mutation"": ""Vente"", ""valeur_fonciere"": 410000.0, ""surface_reelle_bati"": 86.0, ""nombre_pieces_principales"": 4.0, ""surface_terrain"": null, ""nb_lignes"": 1}]"
13207,MARSEILLE 7EME,13007,"58 RUE DOCT FREDERIC GRANIER, 13007 MARSEILLE 7EME",830,D,156,132078300D0156,58.0,,RUE,DOCT FREDERIC GRANIER,90.0,2,2023-01-06,2025-06-03,879,2.41,661150.0,321750.0,7346.0,3575.0,-51.3,-25.9,"[{""date_mutation"": ""2023-01-06"", ""nature_mutation"": ""Vente"", ""valeur_fonciere"": 661150.0, ""surface_reelle_bati"": 90.0, ""nombre_pieces_principales"": 4.0, ""surface_terrain"": 91.0, ""nb_lignes"": 1}, {""date_mutation"": ""2025-06-03"", ""nature_mutation"": ""Vente"", ""valeur_fonciere"": 321750.0, ""surface_reelle_bati"": 90.0, ""nombre_pieces_principales"": 4.0, ""surface_terrain"": 91.0, ""nb_lignes"": 1}]"
13214,MARSEILLE 14EME,13014,"6 BD LOUIS PRADE, 13014 MARSEILLE 14EME",895,E,357,132148950E0357,6.0,,BD,LOUIS PRADE,69.0,2,2022-03-30,2024-05-27,789,2.16,225000.0,104500.0,3261.0,1514.0,-53.6,-29.9,"[{""date_mutation"": ""2022-03-30"", ""nature_mutation"": ""Vente"", ""valeur_fonciere"": 225000.0, ""surface_reelle_bati"": 69.0, ""nombre_pieces_principales"": 3.0, ""surface_terrain"": 331.0, ""nb_lignes"": 1}, {""date_mutation"": ""2024-05-27"", ""nature_mutation"": ""Vente"", ""valeur_fonciere"": 104500.0, ""surface_reelle_bati"": 69.0, ""nombre_pieces_principales"": 3.0, ""surface_terrain"": 331.0, ""nb_lignes"": 1}]"
