Code postal,Code commune,Surface reelle bati,Surface terrain,Nombre pieces principales,n_prev_mutations,days_since_first,avg_days_between,avg_prev_value,value_trend
13820.0,33,10.0,0.0,1.0,1,491,491.0,200000.0,0.575
13820.0,33,72.0,500.0,3.0,1,614,614.0,585000.0,0.07162393162393163
13820.0,33,80.0,370.0,4.0,1,740,740.0,466900.0,0.16106232597986722
13820.0,33,92.0,0.0,4.0,1,0,0.0,1.0,379499.0
